STATION,ELEMENT,YEAR,MONTH,TIMEFUNCTION,MDFUNCTION,VALUE,FLAG_REPEAT,FLAG_INTERRUPTED,
0-20000-0-11723,SRA,1958,01,07:00,MAX,"",,,
0-20000-0-11723,SRA,1958,01,07:00,SUM,"",,,
0-20000-0-11723,SRA,1958,02,07:00,MAX,"",,,
0-20000-0-11723,SRA,1958,02,07:00,SUM,"",,,
0-20000-0-11723,SRA,1958,03,07:00,MAX,"",,,
0-20000-0-11723,SRA,1958,03,07:00,SUM,"",,,
0-20000-0-11723,SRA,1958,04,07:00,MAX,"",,,
0-20000-0-11723,SRA,1958,04,07:00,SUM,"",,,
0-20000-0-11723,SRA,1958,05,07:00,MAX,5.0,,,
0-20000-0-11723,SRA,1958,05,07:00,SUM,15.6,,,
0-20000-0-11723,SRA,1958,06,07:00,MAX,19.3,,,
0-20000-0-11723,SRA,1958,06,07:00,SUM,117.7,,,
0-20000-0-11723,SRA,1958,07,07:00,MAX,8.3,,,
0-20000-0-11723,SRA,1958,07,07:00,SUM,33.0,,,
0-20000-0-11723,SRA,1958,08,07:00,MAX,19.8,,,
0-20000-0-11723,SRA,1958,08,07:00,SUM,75.4,,,
0-20000-0-11723,SRA,1958,09,07:00,MAX,15.2,,,
0-20000-0-11723,SRA,1958,09,07:00,SUM,36.4,,,
0-20000-0-11723,SRA,1958,10,07:00,MAX,21.2,,,
0-20000-0-11723,SRA,1958,10,07:00,SUM,52.8,,,
0-20000-0-11723,SRA,1958,11,07:00,MAX,4.8,,,
0-20000-0-11723,SRA,1958,11,07:00,SUM,20.6,,,
0-20000-0-11723,SRA,1958,12,07:00,MAX,20.1,,,
0-20000-0-11723,SRA,1958,12,07:00,SUM,48.3,,,
0-20000-0-11723,SRA,1959,01,07:00,MAX,6.9,,,
0-20000-0-11723,SRA,1959,01,07:00,SUM,16.4,,,
0-20000-0-11723,SRA,1959,02,07:00,MAX,1.7,,,
0-20000-0-11723,SRA,1959,02,07:00,SUM,3.0,,,
0-20000-0-11723,SRA,1959,03,07:00,MAX,17.6,,,
0-20000-0-11723,SRA,1959,03,07:00,SUM,22.9,,,
0-20000-0-11723,SRA,1959,04,07:00,MAX,8.3,,,
0-20000-0-11723,SRA,1959,04,07:00,SUM,31.0,,,
0-20000-0-11723,SRA,1959,05,07:00,MAX,20.8,,,
0-20000-0-11723,SRA,1959,05,07:00,SUM,54.4,,,
0-20000-0-11723,SRA,1959,06,07:00,MAX,25.3,,,
0-20000-0-11723,SRA,1959,06,07:00,SUM,95.6,,,
0-20000-0-11723,SRA,1959,07,07:00,MAX,35.2,,,
0-20000-0-11723,SRA,1959,07,07:00,SUM,123.8,,,
0-20000-0-11723,SRA,1959,08,07:00,MAX,12.2,,,
0-20000-0-11723,SRA,1959,08,07:00,SUM,37.3,,,
0-20000-0-11723,SRA,1959,09,07:00,MAX,0.1,,,
0-20000-0-11723,SRA,1959,09,07:00,SUM,0.1,,,
0-20000-0-11723,SRA,1959,10,07:00,MAX,4.0,,,
0-20000-0-11723,SRA,1959,10,07:00,SUM,6.3,,,
0-20000-0-11723,SRA,1959,11,07:00,MAX,7.6,,,
0-20000-0-11723,SRA,1959,11,07:00,SUM,24.7,,,
0-20000-0-11723,SRA,1959,12,07:00,MAX,29.6,,,
0-20000-0-11723,SRA,1959,12,07:00,SUM,74.4,,,
0-20000-0-11723,SRA,1960,01,07:00,MAX,8.6,,,
0-20000-0-11723,SRA,1960,01,07:00,SUM,23.7,,,
0-20000-0-11723,SRA,1960,02,07:00,MAX,19.6,,,
0-20000-0-11723,SRA,1960,02,07:00,SUM,21.6,,,
0-20000-0-11723,SRA,1960,03,07:00,MAX,20.5,,,
0-20000-0-11723,SRA,1960,03,07:00,SUM,41.7,,,
0-20000-0-11723,SRA,1960,04,07:00,MAX,6.3,,,
0-20000-0-11723,SRA,1960,04,07:00,SUM,10.3,,,
0-20000-0-11723,SRA,1960,05,07:00,MAX,43.7,,,
0-20000-0-11723,SRA,1960,05,07:00,SUM,105.7,,,
0-20000-0-11723,SRA,1960,06,07:00,MAX,30.2,,,
0-20000-0-11723,SRA,1960,06,07:00,SUM,82.8,,,
0-20000-0-11723,SRA,1960,07,07:00,MAX,18.8,,,
0-20000-0-11723,SRA,1960,07,07:00,SUM,69.3,,,
0-20000-0-11723,SRA,1960,08,07:00,MAX,33.0,,,
0-20000-0-11723,SRA,1960,08,07:00,SUM,103.6,,,
0-20000-0-11723,SRA,1960,09,07:00,MAX,38.5,,,
0-20000-0-11723,SRA,1960,09,07:00,SUM,61.4,,,
0-20000-0-11723,SRA,1960,10,07:00,MAX,18.2,,,
0-20000-0-11723,SRA,1960,10,07:00,SUM,62.8,,,
0-20000-0-11723,SRA,1960,11,07:00,MAX,4.4,,,
0-20000-0-11723,SRA,1960,11,07:00,SUM,14.2,,,
0-20000-0-11723,SRA,1960,12,07:00,MAX,6.1,,,
0-20000-0-11723,SRA,1960,12,07:00,SUM,29.9,,,
0-20000-0-11723,SRA,1961,01,07:00,MAX,8.5,,,
0-20000-0-11723,SRA,1961,01,07:00,SUM,15.9,,,
0-20000-0-11723,SRA,1961,02,07:00,MAX,7.3,,,
0-20000-0-11723,SRA,1961,02,07:00,SUM,18.2,,,
0-20000-0-11723,SRA,1961,03,07:00,MAX,1.5,,,
0-20000-0-11723,SRA,1961,03,07:00,SUM,5.6,,,
0-20000-0-11723,SRA,1961,04,07:00,MAX,23.0,,,
0-20000-0-11723,SRA,1961,04,07:00,SUM,29.1,,,
0-20000-0-11723,SRA,1961,05,07:00,MAX,23.9,,,
0-20000-0-11723,SRA,1961,05,07:00,SUM,73.5,,,
0-20000-0-11723,SRA,1961,06,07:00,MAX,15.6,,,
0-20000-0-11723,SRA,1961,06,07:00,SUM,54.1,,,
0-20000-0-11723,SRA,1961,07,07:00,MAX,13.1,,,
0-20000-0-11723,SRA,1961,07,07:00,SUM,53.6,,,
0-20000-0-11723,SRA,1961,08,07:00,MAX,6.8,,,
0-20000-0-11723,SRA,1961,08,07:00,SUM,24.5,,,
0-20000-0-11723,SRA,1961,09,07:00,MAX,9.9,,,
0-20000-0-11723,SRA,1961,09,07:00,SUM,19.7,,,
0-20000-0-11723,SRA,1961,10,07:00,MAX,22.2,,,
0-20000-0-11723,SRA,1961,10,07:00,SUM,54.7,,,
0-20000-0-11723,SRA,1961,11,07:00,MAX,20.3,,,
0-20000-0-11723,SRA,1961,11,07:00,SUM,51.1,,,
0-20000-0-11723,SRA,1961,12,07:00,MAX,14.6,,,
0-20000-0-11723,SRA,1961,12,07:00,SUM,30.3,,,
0-20000-0-11723,SRA,1962,01,07:00,MAX,11.7,,,
0-20000-0-11723,SRA,1962,01,07:00,SUM,23.3,,,
0-20000-0-11723,SRA,1962,02,07:00,MAX,8.4,,,
0-20000-0-11723,SRA,1962,02,07:00,SUM,23.6,,,
0-20000-0-11723,SRA,1962,03,07:00,MAX,12.8,,,
0-20000-0-11723,SRA,1962,03,07:00,SUM,48.7,,,
0-20000-0-11723,SRA,1962,04,07:00,MAX,12.0,,,
0-20000-0-11723,SRA,1962,04,07:00,SUM,37.8,,,
0-20000-0-11723,SRA,1962,05,07:00,MAX,43.8,,,
0-20000-0-11723,SRA,1962,05,07:00,SUM,117.8,,,
0-20000-0-11723,SRA,1962,06,07:00,MAX,16.6,,,
0-20000-0-11723,SRA,1962,06,07:00,SUM,31.0,,,
0-20000-0-11723,SRA,1962,07,07:00,MAX,10.4,,,
0-20000-0-11723,SRA,1962,07,07:00,SUM,42.0,,,
0-20000-0-11723,SRA,1962,08,07:00,MAX,9.6,,,
0-20000-0-11723,SRA,1962,08,07:00,SUM,16.9,,,
0-20000-0-11723,SRA,1962,09,07:00,MAX,20.0,,,
0-20000-0-11723,SRA,1962,09,07:00,SUM,36.6,,,
0-20000-0-11723,SRA,1962,10,07:00,MAX,21.5,,,
0-20000-0-11723,SRA,1962,10,07:00,SUM,39.2,,,
0-20000-0-11723,SRA,1962,11,07:00,MAX,19.0,,,
0-20000-0-11723,SRA,1962,11,07:00,SUM,84.2,,,
0-20000-0-11723,SRA,1962,12,07:00,MAX,11.8,,,
0-20000-0-11723,SRA,1962,12,07:00,SUM,22.1,,,
0-20000-0-11723,SRA,1963,01,07:00,MAX,4.5,,,
0-20000-0-11723,SRA,1963,01,07:00,SUM,21.3,,,
0-20000-0-11723,SRA,1963,02,07:00,MAX,13.4,,,
0-20000-0-11723,SRA,1963,02,07:00,SUM,17.7,,,
0-20000-0-11723,SRA,1963,03,07:00,MAX,12.8,,,
0-20000-0-11723,SRA,1963,03,07:00,SUM,31.0,,,
0-20000-0-11723,SRA,1963,04,07:00,MAX,15.5,,,
0-20000-0-11723,SRA,1963,04,07:00,SUM,26.6,,,
0-20000-0-11723,SRA,1963,05,07:00,MAX,26.7,,,
0-20000-0-11723,SRA,1963,05,07:00,SUM,83.6,,,
0-20000-0-11723,SRA,1963,06,07:00,MAX,29.0,,,
0-20000-0-11723,SRA,1963,06,07:00,SUM,88.1,,,
0-20000-0-11723,SRA,1963,07,07:00,MAX,4.0,,,
0-20000-0-11723,SRA,1963,07,07:00,SUM,11.3,,,
0-20000-0-11723,SRA,1963,08,07:00,MAX,32.5,,,
0-20000-0-11723,SRA,1963,08,07:00,SUM,105.5,,,
0-20000-0-11723,SRA,1963,09,07:00,MAX,27.9,,,
0-20000-0-11723,SRA,1963,09,07:00,SUM,56.5,,,
0-20000-0-11723,SRA,1963,10,07:00,MAX,8.1,,,
0-20000-0-11723,SRA,1963,10,07:00,SUM,17.9,,,
0-20000-0-11723,SRA,1963,11,07:00,MAX,8.0,,,
0-20000-0-11723,SRA,1963,11,07:00,SUM,31.1,,,
0-20000-0-11723,SRA,1963,12,07:00,MAX,2.4,,,
0-20000-0-11723,SRA,1963,12,07:00,SUM,5.1,,,
0-20000-0-11723,SRA,1964,01,07:00,MAX,1.0,,,
0-20000-0-11723,SRA,1964,01,07:00,SUM,1.8,,,
0-20000-0-11723,SRA,1964,02,07:00,MAX,3.5,,,
0-20000-0-11723,SRA,1964,02,07:00,SUM,9.8,,,
0-20000-0-11723,SRA,1964,03,07:00,MAX,8.5,,,
0-20000-0-11723,SRA,1964,03,07:00,SUM,34.4,,,
0-20000-0-11723,SRA,1964,04,07:00,MAX,5.9,,,
0-20000-0-11723,SRA,1964,04,07:00,SUM,16.8,,,
0-20000-0-11723,SRA,1964,05,07:00,MAX,17.7,,,
0-20000-0-11723,SRA,1964,05,07:00,SUM,58.4,,,
0-20000-0-11723,SRA,1964,06,07:00,MAX,8.6,,,
0-20000-0-11723,SRA,1964,06,07:00,SUM,43.4,,,
0-20000-0-11723,SRA,1964,07,07:00,MAX,17.2,,,
0-20000-0-11723,SRA,1964,07,07:00,SUM,53.6,,,
0-20000-0-11723,SRA,1964,08,07:00,MAX,28.4,,,
0-20000-0-11723,SRA,1964,08,07:00,SUM,80.4,,,
0-20000-0-11723,SRA,1964,09,07:00,MAX,6.4,,,
0-20000-0-11723,SRA,1964,09,07:00,SUM,18.3,,,
0-20000-0-11723,SRA,1964,10,07:00,MAX,25.3,,,
0-20000-0-11723,SRA,1964,10,07:00,SUM,109.5,,,
0-20000-0-11723,SRA,1964,11,07:00,MAX,2.6,,,
0-20000-0-11723,SRA,1964,11,07:00,SUM,12.4,,,
0-20000-0-11723,SRA,1964,12,07:00,MAX,4.9,,,
0-20000-0-11723,SRA,1964,12,07:00,SUM,26.8,,,
0-20000-0-11723,SRA,1965,01,07:00,MAX,7.2,,,
0-20000-0-11723,SRA,1965,01,07:00,SUM,32.8,,,
0-20000-0-11723,SRA,1965,02,07:00,MAX,2.4,,,
0-20000-0-11723,SRA,1965,02,07:00,SUM,7.4,,,
0-20000-0-11723,SRA,1965,03,07:00,MAX,10.0,,,
0-20000-0-11723,SRA,1965,03,07:00,SUM,23.7,,,
0-20000-0-11723,SRA,1965,04,07:00,MAX,20.3,,,
0-20000-0-11723,SRA,1965,04,07:00,SUM,61.4,,,
0-20000-0-11723,SRA,1965,05,07:00,MAX,11.3,,,
0-20000-0-11723,SRA,1965,05,07:00,SUM,63.8,,,
0-20000-0-11723,SRA,1965,06,07:00,MAX,31.5,,,
0-20000-0-11723,SRA,1965,06,07:00,SUM,76.9,,,
0-20000-0-11723,SRA,1965,07,07:00,MAX,21.7,,,
0-20000-0-11723,SRA,1965,07,07:00,SUM,82.2,,,
0-20000-0-11723,SRA,1965,08,07:00,MAX,21.8,,,
0-20000-0-11723,SRA,1965,08,07:00,SUM,56.6,,,
0-20000-0-11723,SRA,1965,09,07:00,MAX,8.6,,,
0-20000-0-11723,SRA,1965,09,07:00,SUM,26.6,,,
0-20000-0-11723,SRA,1965,10,07:00,MAX,3.4,,,
0-20000-0-11723,SRA,1965,10,07:00,SUM,6.8,,,
0-20000-0-11723,SRA,1965,11,07:00,MAX,8.6,,,
0-20000-0-11723,SRA,1965,11,07:00,SUM,25.1,,,
0-20000-0-11723,SRA,1965,12,07:00,MAX,8.1,,,
0-20000-0-11723,SRA,1965,12,07:00,SUM,47.2,,,
0-20000-0-11723,SRA,1966,01,07:00,MAX,1.7,,,
0-20000-0-11723,SRA,1966,01,07:00,SUM,8.8,,,
0-20000-0-11723,SRA,1966,02,07:00,MAX,8.9,,,
0-20000-0-11723,SRA,1966,02,07:00,SUM,32.3,,,
0-20000-0-11723,SRA,1966,03,07:00,MAX,6.6,,,
0-20000-0-11723,SRA,1966,03,07:00,SUM,16.4,,,
0-20000-0-11723,SRA,1966,04,07:00,MAX,10.6,,,
0-20000-0-11723,SRA,1966,04,07:00,SUM,37.3,,,
0-20000-0-11723,SRA,1966,05,07:00,MAX,15.8,,,
0-20000-0-11723,SRA,1966,05,07:00,SUM,51.2,,,
0-20000-0-11723,SRA,1966,06,07:00,MAX,26.4,,,
0-20000-0-11723,SRA,1966,06,07:00,SUM,122.7,,,
0-20000-0-11723,SRA,1966,07,07:00,MAX,40.8,,,
0-20000-0-11723,SRA,1966,07,07:00,SUM,129.1,,,
0-20000-0-11723,SRA,1966,08,07:00,MAX,17.5,,,
0-20000-0-11723,SRA,1966,08,07:00,SUM,69.6,,,
0-20000-0-11723,SRA,1966,09,07:00,MAX,30.8,,,
0-20000-0-11723,SRA,1966,09,07:00,SUM,38.6,,,
0-20000-0-11723,SRA,1966,10,07:00,MAX,8.2,,,
0-20000-0-11723,SRA,1966,10,07:00,SUM,28.0,,,
0-20000-0-11723,SRA,1966,11,07:00,MAX,5.8,,,
0-20000-0-11723,SRA,1966,11,07:00,SUM,30.7,,,
0-20000-0-11723,SRA,1966,12,07:00,MAX,9.8,,,
0-20000-0-11723,SRA,1966,12,07:00,SUM,46.0,,,
0-20000-0-11723,SRA,1967,01,07:00,MAX,4.1,,,
0-20000-0-11723,SRA,1967,01,07:00,SUM,13.3,,,
0-20000-0-11723,SRA,1967,02,07:00,MAX,3.9,,,
0-20000-0-11723,SRA,1967,02,07:00,SUM,16.5,,,
0-20000-0-11723,SRA,1967,03,07:00,MAX,4.4,,,
0-20000-0-11723,SRA,1967,03,07:00,SUM,17.7,,,
0-20000-0-11723,SRA,1967,04,07:00,MAX,8.5,,,
0-20000-0-11723,SRA,1967,04,07:00,SUM,18.6,,,
0-20000-0-11723,SRA,1967,05,07:00,MAX,15.6,,,
0-20000-0-11723,SRA,1967,05,07:00,SUM,45.1,,,
0-20000-0-11723,SRA,1967,06,07:00,MAX,16.5,,,
0-20000-0-11723,SRA,1967,06,07:00,SUM,58.2,,,
0-20000-0-11723,SRA,1967,07,07:00,MAX,21.8,,,
0-20000-0-11723,SRA,1967,07,07:00,SUM,66.3,,,
0-20000-0-11723,SRA,1967,08,07:00,MAX,5.8,,,
0-20000-0-11723,SRA,1967,08,07:00,SUM,15.8,,,
0-20000-0-11723,SRA,1967,09,07:00,MAX,23.7,,,
0-20000-0-11723,SRA,1967,09,07:00,SUM,89.6,,,
0-20000-0-11723,SRA,1967,10,07:00,MAX,4.7,,,
0-20000-0-11723,SRA,1967,10,07:00,SUM,16.0,,,
0-20000-0-11723,SRA,1967,11,07:00,MAX,7.4,,,
0-20000-0-11723,SRA,1967,11,07:00,SUM,26.1,,,
0-20000-0-11723,SRA,1967,12,07:00,MAX,6.5,,,
0-20000-0-11723,SRA,1967,12,07:00,SUM,28.6,,,
0-20000-0-11723,SRA,1968,01,07:00,MAX,11.2,,,
0-20000-0-11723,SRA,1968,01,07:00,SUM,30.7,,,
0-20000-0-11723,SRA,1968,02,07:00,MAX,7.5,,,
0-20000-0-11723,SRA,1968,02,07:00,SUM,19.6,,,
0-20000-0-11723,SRA,1968,03,07:00,MAX,4.0,,,
0-20000-0-11723,SRA,1968,03,07:00,SUM,14.0,,,
0-20000-0-11723,SRA,1968,04,07:00,MAX,8.0,,,
0-20000-0-11723,SRA,1968,04,07:00,SUM,26.4,,,
0-20000-0-11723,SRA,1968,05,07:00,MAX,24.4,,,
0-20000-0-11723,SRA,1968,05,07:00,SUM,57.0,,,
0-20000-0-11723,SRA,1968,06,07:00,MAX,18.6,,,
0-20000-0-11723,SRA,1968,06,07:00,SUM,56.4,,,
0-20000-0-11723,SRA,1968,07,07:00,MAX,21.0,,,
0-20000-0-11723,SRA,1968,07,07:00,SUM,68.5,,,
0-20000-0-11723,SRA,1968,08,07:00,MAX,18.3,,,
0-20000-0-11723,SRA,1968,08,07:00,SUM,128.4,,,
0-20000-0-11723,SRA,1968,09,07:00,MAX,15.4,,,
0-20000-0-11723,SRA,1968,09,07:00,SUM,27.2,,,
0-20000-0-11723,SRA,1968,10,07:00,MAX,10.6,,,
0-20000-0-11723,SRA,1968,10,07:00,SUM,27.5,,,
0-20000-0-11723,SRA,1968,11,07:00,MAX,27.0,,,
0-20000-0-11723,SRA,1968,11,07:00,SUM,53.3,,,
0-20000-0-11723,SRA,1968,12,07:00,MAX,3.6,*,,
0-20000-0-11723,SRA,1968,12,07:00,SUM,11.7,,,
0-20000-0-11723,SRA,1969,01,07:00,MAX,8.4,,,
0-20000-0-11723,SRA,1969,01,07:00,SUM,30.5,,,
0-20000-0-11723,SRA,1969,02,07:00,MAX,5.2,,,
0-20000-0-11723,SRA,1969,02,07:00,SUM,26.8,,,
0-20000-0-11723,SRA,1969,03,07:00,MAX,13.6,,,
0-20000-0-11723,SRA,1969,03,07:00,SUM,34.2,,,
0-20000-0-11723,SRA,1969,04,07:00,MAX,2.3,,,
0-20000-0-11723,SRA,1969,04,07:00,SUM,4.8,,,
0-20000-0-11723,SRA,1969,05,07:00,MAX,24.4,,,
0-20000-0-11723,SRA,1969,05,07:00,SUM,89.4,,,
0-20000-0-11723,SRA,1969,06,07:00,MAX,23.9,,,
0-20000-0-11723,SRA,1969,06,07:00,SUM,91.4,,,
0-20000-0-11723,SRA,1969,07,07:00,MAX,7.1,,,
0-20000-0-11723,SRA,1969,07,07:00,SUM,25.6,,,
0-20000-0-11723,SRA,1969,08,07:00,MAX,16.9,,,
0-20000-0-11723,SRA,1969,08,07:00,SUM,83.9,,,
0-20000-0-11723,SRA,1969,09,07:00,MAX,4.6,,,
0-20000-0-11723,SRA,1969,09,07:00,SUM,7.1,,,
0-20000-0-11723,SRA,1969,10,07:00,MAX,3.3,,,
0-20000-0-11723,SRA,1969,10,07:00,SUM,6.0,,,
0-20000-0-11723,SRA,1969,11,07:00,MAX,18.5,,,
0-20000-0-11723,SRA,1969,11,07:00,SUM,47.8,,,
0-20000-0-11723,SRA,1969,12,07:00,MAX,4.1,,,
0-20000-0-11723,SRA,1969,12,07:00,SUM,20.4,,,
0-20000-0-11723,SRA,1970,01,07:00,MAX,3.6,,,
0-20000-0-11723,SRA,1970,01,07:00,SUM,12.6,,,
0-20000-0-11723,SRA,1970,02,07:00,MAX,13.9,,,
0-20000-0-11723,SRA,1970,02,07:00,SUM,64.9,,,
0-20000-0-11723,SRA,1970,03,07:00,MAX,11.1,,,
0-20000-0-11723,SRA,1970,03,07:00,SUM,37.2,,,
0-20000-0-11723,SRA,1970,04,07:00,MAX,13.7,,,
0-20000-0-11723,SRA,1970,04,07:00,SUM,38.8,,,
0-20000-0-11723,SRA,1970,05,07:00,MAX,1.5,,,
0-20000-0-11723,SRA,1970,05,07:00,SUM,5.9,,,
0-20000-0-11723,SRA,1970,06,07:00,MAX,82.1,,,
0-20000-0-11723,SRA,1970,06,07:00,SUM,165.5,,,
0-20000-0-11723,SRA,1970,07,07:00,MAX,26.5,,,
0-20000-0-11723,SRA,1970,07,07:00,SUM,101.8,,,
0-20000-0-11723,SRA,1970,08,07:00,MAX,48.3,,,
0-20000-0-11723,SRA,1970,08,07:00,SUM,115.7,,,
0-20000-0-11723,SRA,1970,09,07:00,MAX,4.7,*,,
0-20000-0-11723,SRA,1970,09,07:00,SUM,17.8,,,
0-20000-0-11723,SRA,1970,10,07:00,MAX,10.1,,,
0-20000-0-11723,SRA,1970,10,07:00,SUM,31.6,,,
0-20000-0-11723,SRA,1970,11,07:00,MAX,26.6,,,
0-20000-0-11723,SRA,1970,11,07:00,SUM,74.3,,,
0-20000-0-11723,SRA,1970,12,07:00,MAX,5.5,,,
0-20000-0-11723,SRA,1970,12,07:00,SUM,20.1,,,
0-20000-0-11723,SRA,1971,01,07:00,MAX,6.5,,,
0-20000-0-11723,SRA,1971,01,07:00,SUM,18.8,,,
0-20000-0-11723,SRA,1971,02,07:00,MAX,7.2,,,
0-20000-0-11723,SRA,1971,02,07:00,SUM,17.9,,,
0-20000-0-11723,SRA,1971,03,07:00,MAX,15.1,,,
0-20000-0-11723,SRA,1971,03,07:00,SUM,36.5,,,
0-20000-0-11723,SRA,1971,04,07:00,MAX,19.6,,,
0-20000-0-11723,SRA,1971,04,07:00,SUM,33.2,,,
0-20000-0-11723,SRA,1971,05,07:00,MAX,11.3,,,
0-20000-0-11723,SRA,1971,05,07:00,SUM,35.5,,,
0-20000-0-11723,SRA,1971,06,07:00,MAX,7.2,,,
0-20000-0-11723,SRA,1971,06,07:00,SUM,36.0,,,
0-20000-0-11723,SRA,1971,07,07:00,MAX,29.1,,,
0-20000-0-11723,SRA,1971,07,07:00,SUM,44.7,,,
0-20000-0-11723,SRA,1971,08,07:00,MAX,13.4,,,
0-20000-0-11723,SRA,1971,08,07:00,SUM,29.9,,,
0-20000-0-11723,SRA,1971,09,07:00,MAX,17.0,,,
0-20000-0-11723,SRA,1971,09,07:00,SUM,34.5,,,
0-20000-0-11723,SRA,1971,10,07:00,MAX,19.3,,,
0-20000-0-11723,SRA,1971,10,07:00,SUM,21.0,,,
0-20000-0-11723,SRA,1971,11,07:00,MAX,10.9,,,
0-20000-0-11723,SRA,1971,11,07:00,SUM,38.8,,,
0-20000-0-11723,SRA,1971,12,07:00,MAX,4.0,,,
0-20000-0-11723,SRA,1971,12,07:00,SUM,22.1,,,
0-20000-0-11723,SRA,1972,01,07:00,MAX,9.6,,,
0-20000-0-11723,SRA,1972,01,07:00,SUM,35.3,,,
0-20000-0-11723,SRA,1972,02,07:00,MAX,5.0,,,
0-20000-0-11723,SRA,1972,02,07:00,SUM,16.7,,,
0-20000-0-11723,SRA,1972,03,07:00,MAX,3.8,,,
0-20000-0-11723,SRA,1972,03,07:00,SUM,11.0,,,
0-20000-0-11723,SRA,1972,04,07:00,MAX,16.1,,,
0-20000-0-11723,SRA,1972,04,07:00,SUM,81.6,,,
0-20000-0-11723,SRA,1972,05,07:00,MAX,16.3,,,
0-20000-0-11723,SRA,1972,05,07:00,SUM,56.9,,,
0-20000-0-11723,SRA,1972,06,07:00,MAX,33.0,,,
0-20000-0-11723,SRA,1972,06,07:00,SUM,76.3,,,
0-20000-0-11723,SRA,1972,07,07:00,MAX,46.2,,,
0-20000-0-11723,SRA,1972,07,07:00,SUM,192.1,,,
0-20000-0-11723,SRA,1972,08,07:00,MAX,14.7,,,
0-20000-0-11723,SRA,1972,08,07:00,SUM,41.8,,,
0-20000-0-11723,SRA,1972,09,07:00,MAX,9.3,,,
0-20000-0-11723,SRA,1972,09,07:00,SUM,23.1,,,
0-20000-0-11723,SRA,1972,10,07:00,MAX,3.8,,,
0-20000-0-11723,SRA,1972,10,07:00,SUM,11.4,,,
0-20000-0-11723,SRA,1972,11,07:00,MAX,9.0,,,
0-20000-0-11723,SRA,1972,11,07:00,SUM,25.6,,,
0-20000-0-11723,SRA,1972,12,07:00,MAX,2.3,,,
0-20000-0-11723,SRA,1972,12,07:00,SUM,2.8,,,
0-20000-0-11723,SRA,1973,01,07:00,MAX,6.9,,,
0-20000-0-11723,SRA,1973,01,07:00,SUM,19.5,,,
0-20000-0-11723,SRA,1973,02,07:00,MAX,6.4,,,
0-20000-0-11723,SRA,1973,02,07:00,SUM,20.7,,,
0-20000-0-11723,SRA,1973,03,07:00,MAX,2.2,,,
0-20000-0-11723,SRA,1973,03,07:00,SUM,4.9,,,
0-20000-0-11723,SRA,1973,04,07:00,MAX,17.3,,,
0-20000-0-11723,SRA,1973,04,07:00,SUM,54.1,,,
0-20000-0-11723,SRA,1973,05,07:00,MAX,7.8,,,
0-20000-0-11723,SRA,1973,05,07:00,SUM,26.4,,,
0-20000-0-11723,SRA,1973,06,07:00,MAX,24.2,,,
0-20000-0-11723,SRA,1973,06,07:00,SUM,84.1,,,
0-20000-0-11723,SRA,1973,07,07:00,MAX,18.4,,,
0-20000-0-11723,SRA,1973,07,07:00,SUM,53.4,,,
0-20000-0-11723,SRA,1973,08,07:00,MAX,16.4,,,
0-20000-0-11723,SRA,1973,08,07:00,SUM,27.5,,,
0-20000-0-11723,SRA,1973,09,07:00,MAX,22.2,,,
0-20000-0-11723,SRA,1973,09,07:00,SUM,56.2,,,
0-20000-0-11723,SRA,1973,10,07:00,MAX,4.9,,,
0-20000-0-11723,SRA,1973,10,07:00,SUM,18.4,,,
0-20000-0-11723,SRA,1973,11,07:00,MAX,6.0,,,
0-20000-0-11723,SRA,1973,11,07:00,SUM,18.6,,,
0-20000-0-11723,SRA,1973,12,07:00,MAX,5.6,,,
0-20000-0-11723,SRA,1973,12,07:00,SUM,16.8,,,
0-20000-0-11723,SRA,1974,01,07:00,MAX,4.5,,,
0-20000-0-11723,SRA,1974,01,07:00,SUM,24.5,,,
0-20000-0-11723,SRA,1974,02,07:00,MAX,10.0,,,
0-20000-0-11723,SRA,1974,02,07:00,SUM,20.9,,,
0-20000-0-11723,SRA,1974,03,07:00,MAX,1.4,,,
0-20000-0-11723,SRA,1974,03,07:00,SUM,3.0,,,
0-20000-0-11723,SRA,1974,04,07:00,MAX,2.7,,,
0-20000-0-11723,SRA,1974,04,07:00,SUM,4.6,,,
0-20000-0-11723,SRA,1974,05,07:00,MAX,9.6,,,
0-20000-0-11723,SRA,1974,05,07:00,SUM,36.9,,,
0-20000-0-11723,SRA,1974,06,07:00,MAX,16.0,,,
0-20000-0-11723,SRA,1974,06,07:00,SUM,86.4,,,
0-20000-0-11723,SRA,1974,07,07:00,MAX,30.4,,,
0-20000-0-11723,SRA,1974,07,07:00,SUM,122.4,,,
0-20000-0-11723,SRA,1974,08,07:00,MAX,9.6,,,
0-20000-0-11723,SRA,1974,08,07:00,SUM,31.9,,,
0-20000-0-11723,SRA,1974,09,07:00,MAX,7.6,,,
0-20000-0-11723,SRA,1974,09,07:00,SUM,20.2,,,
0-20000-0-11723,SRA,1974,10,07:00,MAX,16.4,,,
0-20000-0-11723,SRA,1974,10,07:00,SUM,60.1,,,
0-20000-0-11723,SRA,1974,11,07:00,MAX,8.6,,,
0-20000-0-11723,SRA,1974,11,07:00,SUM,41.3,,,
0-20000-0-11723,SRA,1974,12,07:00,MAX,10.5,,,
0-20000-0-11723,SRA,1974,12,07:00,SUM,54.0,,,
0-20000-0-11723,SRA,1975,01,07:00,MAX,3.9,,,
0-20000-0-11723,SRA,1975,01,07:00,SUM,17.3,,,
0-20000-0-11723,SRA,1975,02,07:00,MAX,1.6,,,
0-20000-0-11723,SRA,1975,02,07:00,SUM,2.1,,,
0-20000-0-11723,SRA,1975,03,07:00,MAX,9.5,,,
0-20000-0-11723,SRA,1975,03,07:00,SUM,26.5,,,
0-20000-0-11723,SRA,1975,04,07:00,MAX,6.3,,,
0-20000-0-11723,SRA,1975,04,07:00,SUM,16.3,,,
0-20000-0-11723,SRA,1975,05,07:00,MAX,27.2,,,
0-20000-0-11723,SRA,1975,05,07:00,SUM,107.2,,,
0-20000-0-11723,SRA,1975,06,07:00,MAX,23.0,,,
0-20000-0-11723,SRA,1975,06,07:00,SUM,74.0,,,
0-20000-0-11723,SRA,1975,07,07:00,MAX,5.7,,,
0-20000-0-11723,SRA,1975,07,07:00,SUM,22.7,,,
0-20000-0-11723,SRA,1975,08,07:00,MAX,15.1,,,
0-20000-0-11723,SRA,1975,08,07:00,SUM,54.1,,,
0-20000-0-11723,SRA,1975,09,07:00,MAX,8.6,,,
0-20000-0-11723,SRA,1975,09,07:00,SUM,16.4,,,
0-20000-0-11723,SRA,1975,10,07:00,MAX,19.8,,,
0-20000-0-11723,SRA,1975,10,07:00,SUM,55.4,,,
0-20000-0-11723,SRA,1975,11,07:00,MAX,5.3,,,
0-20000-0-11723,SRA,1975,11,07:00,SUM,21.2,,,
0-20000-0-11723,SRA,1975,12,07:00,MAX,3.9,,,
0-20000-0-11723,SRA,1975,12,07:00,SUM,9.7,,,
0-20000-0-11723,SRA,1976,01,07:00,MAX,6.0,,,
0-20000-0-11723,SRA,1976,01,07:00,SUM,37.9,,,
0-20000-0-11723,SRA,1976,02,07:00,MAX,4.6,,,
0-20000-0-11723,SRA,1976,02,07:00,SUM,11.4,,,
0-20000-0-11723,SRA,1976,03,07:00,MAX,6.7,,,
0-20000-0-11723,SRA,1976,03,07:00,SUM,7.4,,,
0-20000-0-11723,SRA,1976,04,07:00,MAX,3.4,,,
0-20000-0-11723,SRA,1976,04,07:00,SUM,13.0,,,
0-20000-0-11723,SRA,1976,05,07:00,MAX,19.2,,,
0-20000-0-11723,SRA,1976,05,07:00,SUM,59.8,,,
0-20000-0-11723,SRA,1976,06,07:00,MAX,18.2,,,
0-20000-0-11723,SRA,1976,06,07:00,SUM,21.4,,,
0-20000-0-11723,SRA,1976,07,07:00,MAX,16.1,,,
0-20000-0-11723,SRA,1976,07,07:00,SUM,35.8,,,
0-20000-0-11723,SRA,1976,08,07:00,MAX,8.6,,,
0-20000-0-11723,SRA,1976,08,07:00,SUM,29.5,,,
0-20000-0-11723,SRA,1976,09,07:00,MAX,31.9,,,
0-20000-0-11723,SRA,1976,09,07:00,SUM,45.3,,,
0-20000-0-11723,SRA,1976,10,07:00,MAX,16.4,,,
0-20000-0-11723,SRA,1976,10,07:00,SUM,43.2,,,
0-20000-0-11723,SRA,1976,11,07:00,MAX,23.2,,,
0-20000-0-11723,SRA,1976,11,07:00,SUM,65.1,,,
0-20000-0-11723,SRA,1976,12,07:00,MAX,7.9,,,
0-20000-0-11723,SRA,1976,12,07:00,SUM,23.4,,,
0-20000-0-11723,SRA,1977,01,07:00,MAX,19.7,,,
0-20000-0-11723,SRA,1977,01,07:00,SUM,79.3,,,
0-20000-0-11723,SRA,1977,02,07:00,MAX,18.5,,,
0-20000-0-11723,SRA,1977,02,07:00,SUM,66.7,,,
0-20000-0-11723,SRA,1977,03,07:00,MAX,21.5,,,
0-20000-0-11723,SRA,1977,03,07:00,SUM,39.8,,,
0-20000-0-11723,SRA,1977,04,07:00,MAX,9.9,,,
0-20000-0-11723,SRA,1977,04,07:00,SUM,35.7,,,
0-20000-0-11723,SRA,1977,05,07:00,MAX,22.7,,,
0-20000-0-11723,SRA,1977,05,07:00,SUM,66.0,,,
0-20000-0-11723,SRA,1977,06,07:00,MAX,8.7,,,
0-20000-0-11723,SRA,1977,06,07:00,SUM,28.6,,,
0-20000-0-11723,SRA,1977,07,07:00,MAX,19.2,,,
0-20000-0-11723,SRA,1977,07,07:00,SUM,60.1,,,
0-20000-0-11723,SRA,1977,08,07:00,MAX,18.2,,,
0-20000-0-11723,SRA,1977,08,07:00,SUM,94.9,,,
0-20000-0-11723,SRA,1977,09,07:00,MAX,8.7,*,,
0-20000-0-11723,SRA,1977,09,07:00,SUM,31.9,,,
0-20000-0-11723,SRA,1977,10,07:00,MAX,5.4,,,
0-20000-0-11723,SRA,1977,10,07:00,SUM,10.3,,,
0-20000-0-11723,SRA,1977,11,07:00,MAX,11.5,,,
0-20000-0-11723,SRA,1977,11,07:00,SUM,41.3,,,
0-20000-0-11723,SRA,1977,12,07:00,MAX,6.4,,,
0-20000-0-11723,SRA,1977,12,07:00,SUM,13.3,,,
0-20000-0-11723,SRA,1978,01,07:00,MAX,8.9,,,
0-20000-0-11723,SRA,1978,01,07:00,SUM,18.9,,,
0-20000-0-11723,SRA,1978,02,07:00,MAX,3.0,*,,
0-20000-0-11723,SRA,1978,02,07:00,SUM,13.0,,,
0-20000-0-11723,SRA,1978,03,07:00,MAX,4.5,,,
0-20000-0-11723,SRA,1978,03,07:00,SUM,19.0,,,
0-20000-0-11723,SRA,1978,04,07:00,MAX,13.4,,,
0-20000-0-11723,SRA,1978,04,07:00,SUM,36.6,,,
0-20000-0-11723,SRA,1978,05,07:00,MAX,9.7,,,
0-20000-0-11723,SRA,1978,05,07:00,SUM,44.7,,,
0-20000-0-11723,SRA,1978,06,07:00,MAX,12.6,,,
0-20000-0-11723,SRA,1978,06,07:00,SUM,67.3,,,
0-20000-0-11723,SRA,1978,07,07:00,MAX,15.7,,,
0-20000-0-11723,SRA,1978,07,07:00,SUM,75.9,,,
0-20000-0-11723,SRA,1978,08,07:00,MAX,7.3,,,
0-20000-0-11723,SRA,1978,08,07:00,SUM,38.1,,,
0-20000-0-11723,SRA,1978,09,07:00,MAX,3.8,,,
0-20000-0-11723,SRA,1978,09,07:00,SUM,15.8,,,
0-20000-0-11723,SRA,1978,10,07:00,MAX,8.2,,,
0-20000-0-11723,SRA,1978,10,07:00,SUM,20.3,,,
0-20000-0-11723,SRA,1978,11,07:00,MAX,11.8,,,
0-20000-0-11723,SRA,1978,11,07:00,SUM,26.8,,,
0-20000-0-11723,SRA,1978,12,07:00,MAX,7.1,,,
0-20000-0-11723,SRA,1978,12,07:00,SUM,23.1,,,
0-20000-0-11723,SRA,1979,01,07:00,MAX,10.4,,,
0-20000-0-11723,SRA,1979,01,07:00,SUM,32.3,,,
0-20000-0-11723,SRA,1979,02,07:00,MAX,6.2,,,
0-20000-0-11723,SRA,1979,02,07:00,SUM,34.2,,,
0-20000-0-11723,SRA,1979,03,07:00,MAX,9.0,,,
0-20000-0-11723,SRA,1979,03,07:00,SUM,52.4,,,
0-20000-0-11723,SRA,1979,04,07:00,MAX,14.0,,,
0-20000-0-11723,SRA,1979,04,07:00,SUM,56.3,,,
0-20000-0-11723,SRA,1979,05,07:00,MAX,6.9,,,
0-20000-0-11723,SRA,1979,05,07:00,SUM,17.6,,,
0-20000-0-11723,SRA,1979,06,07:00,MAX,32.9,,,
0-20000-0-11723,SRA,1979,06,07:00,SUM,84.4,,,
0-20000-0-11723,SRA,1979,07,07:00,MAX,19.7,,,
0-20000-0-11723,SRA,1979,07,07:00,SUM,61.7,,,
0-20000-0-11723,SRA,1979,08,07:00,MAX,19.6,,,
0-20000-0-11723,SRA,1979,08,07:00,SUM,74.0,,,
0-20000-0-11723,SRA,1979,09,07:00,MAX,20.8,,,
0-20000-0-11723,SRA,1979,09,07:00,SUM,49.8,,,
0-20000-0-11723,SRA,1979,10,07:00,MAX,3.8,,,
0-20000-0-11723,SRA,1979,10,07:00,SUM,8.4,,,
0-20000-0-11723,SRA,1979,11,07:00,MAX,15.1,,,
0-20000-0-11723,SRA,1979,11,07:00,SUM,71.9,,,
0-20000-0-11723,SRA,1979,12,07:00,MAX,11.6,,,
0-20000-0-11723,SRA,1979,12,07:00,SUM,44.0,,,
0-20000-0-11723,SRA,1980,01,07:00,MAX,7.6,,,
0-20000-0-11723,SRA,1980,01,07:00,SUM,20.4,,,
0-20000-0-11723,SRA,1980,02,07:00,MAX,4.2,,,
0-20000-0-11723,SRA,1980,02,07:00,SUM,14.3,,,
0-20000-0-11723,SRA,1980,03,07:00,MAX,4.2,,,
0-20000-0-11723,SRA,1980,03,07:00,SUM,18.4,,,
0-20000-0-11723,SRA,1980,04,07:00,MAX,14.7,,,
0-20000-0-11723,SRA,1980,04,07:00,SUM,44.5,,,
0-20000-0-11723,SRA,1980,05,07:00,MAX,17.0,,,
0-20000-0-11723,SRA,1980,05,07:00,SUM,53.8,,,
0-20000-0-11723,SRA,1980,06,07:00,MAX,17.6,,,
0-20000-0-11723,SRA,1980,06,07:00,SUM,79.5,,,
0-20000-0-11723,SRA,1980,07,07:00,MAX,7.6,,,
0-20000-0-11723,SRA,1980,07,07:00,SUM,32.9,,,
0-20000-0-11723,SRA,1980,08,07:00,MAX,6.0,,,
0-20000-0-11723,SRA,1980,08,07:00,SUM,18.7,,,
0-20000-0-11723,SRA,1980,09,07:00,MAX,5.7,,,
0-20000-0-11723,SRA,1980,09,07:00,SUM,22.8,,,
0-20000-0-11723,SRA,1980,10,07:00,MAX,22.8,,,
0-20000-0-11723,SRA,1980,10,07:00,SUM,57.4,,,
0-20000-0-11723,SRA,1980,11,07:00,MAX,12.0,,,
0-20000-0-11723,SRA,1980,11,07:00,SUM,29.6,,,
0-20000-0-11723,SRA,1980,12,07:00,MAX,4.9,,,
0-20000-0-11723,SRA,1980,12,07:00,SUM,27.0,,,
0-20000-0-11723,SRA,1981,01,07:00,MAX,3.7,,,
0-20000-0-11723,SRA,1981,01,07:00,SUM,20.6,,,
0-20000-0-11723,SRA,1981,02,07:00,MAX,11.2,,,
0-20000-0-11723,SRA,1981,02,07:00,SUM,17.8,,,
0-20000-0-11723,SRA,1981,03,07:00,MAX,15.0,,,
0-20000-0-11723,SRA,1981,03,07:00,SUM,48.8,,,
0-20000-0-11723,SRA,1981,04,07:00,MAX,7.0,,,
0-20000-0-11723,SRA,1981,04,07:00,SUM,11.7,,,
0-20000-0-11723,SRA,1981,05,07:00,MAX,21.7,,,
0-20000-0-11723,SRA,1981,05,07:00,SUM,51.3,,,
0-20000-0-11723,SRA,1981,06,07:00,MAX,16.6,,,
0-20000-0-11723,SRA,1981,06,07:00,SUM,49.0,,,
0-20000-0-11723,SRA,1981,07,07:00,MAX,27.0,,,
0-20000-0-11723,SRA,1981,07,07:00,SUM,76.0,,,
0-20000-0-11723,SRA,1981,08,07:00,MAX,2.5,,,
0-20000-0-11723,SRA,1981,08,07:00,SUM,8.9,,,
0-20000-0-11723,SRA,1981,09,07:00,MAX,30.2,,,
0-20000-0-11723,SRA,1981,09,07:00,SUM,91.4,,,
0-20000-0-11723,SRA,1981,10,07:00,MAX,29.0,,,
0-20000-0-11723,SRA,1981,10,07:00,SUM,72.8,,,
0-20000-0-11723,SRA,1981,11,07:00,MAX,6.8,,,
0-20000-0-11723,SRA,1981,11,07:00,SUM,21.5,,,
0-20000-0-11723,SRA,1981,12,07:00,MAX,15.0,,,
0-20000-0-11723,SRA,1981,12,07:00,SUM,61.5,,,
0-20000-0-11723,SRA,1982,01,07:00,MAX,8.0,,,
0-20000-0-11723,SRA,1982,01,07:00,SUM,23.6,,,
0-20000-0-11723,SRA,1982,02,07:00,MAX,1.2,,,
0-20000-0-11723,SRA,1982,02,07:00,SUM,2.8,,,
0-20000-0-11723,SRA,1982,03,07:00,MAX,11.0,,,
0-20000-0-11723,SRA,1982,03,07:00,SUM,25.2,,,
0-20000-0-11723,SRA,1982,04,07:00,MAX,2.2,,,
0-20000-0-11723,SRA,1982,04,07:00,SUM,6.3,,,
0-20000-0-11723,SRA,1982,05,07:00,MAX,22.7,,,
0-20000-0-11723,SRA,1982,05,07:00,SUM,72.9,,,
0-20000-0-11723,SRA,1982,06,07:00,MAX,31.6,,,
0-20000-0-11723,SRA,1982,06,07:00,SUM,87.3,,,
0-20000-0-11723,SRA,1982,07,07:00,MAX,26.4,,,
0-20000-0-11723,SRA,1982,07,07:00,SUM,76.8,,,
0-20000-0-11723,SRA,1982,08,07:00,MAX,7.3,,,
0-20000-0-11723,SRA,1982,08,07:00,SUM,23.1,,,
0-20000-0-11723,SRA,1982,09,07:00,MAX,12.0,,,
0-20000-0-11723,SRA,1982,09,07:00,SUM,14.8,,,
0-20000-0-11723,SRA,1982,10,07:00,MAX,4.7,,,
0-20000-0-11723,SRA,1982,10,07:00,SUM,19.3,,,
0-20000-0-11723,SRA,1982,11,07:00,MAX,8.2,,,
0-20000-0-11723,SRA,1982,11,07:00,SUM,13.1,,,
0-20000-0-11723,SRA,1982,12,07:00,MAX,6.7,,,
0-20000-0-11723,SRA,1982,12,07:00,SUM,35.7,,,
0-20000-0-11723,SRA,1983,01,07:00,MAX,14.4,,,
0-20000-0-11723,SRA,1983,01,07:00,SUM,33.3,,,
0-20000-0-11723,SRA,1983,02,07:00,MAX,5.3,,,
0-20000-0-11723,SRA,1983,02,07:00,SUM,26.2,,,
0-20000-0-11723,SRA,1983,03,07:00,MAX,7.1,,,
0-20000-0-11723,SRA,1983,03,07:00,SUM,16.2,,,
0-20000-0-11723,SRA,1983,04,07:00,MAX,11.0,,,
0-20000-0-11723,SRA,1983,04,07:00,SUM,40.4,,,
0-20000-0-11723,SRA,1983,05,07:00,MAX,11.9,,,
0-20000-0-11723,SRA,1983,05,07:00,SUM,36.3,,,
0-20000-0-11723,SRA,1983,06,07:00,MAX,31.6,,,
0-20000-0-11723,SRA,1983,06,07:00,SUM,68.9,,,
0-20000-0-11723,SRA,1983,07,07:00,MAX,10.4,,,
0-20000-0-11723,SRA,1983,07,07:00,SUM,24.6,,,
0-20000-0-11723,SRA,1983,08,07:00,MAX,7.7,,,
0-20000-0-11723,SRA,1983,08,07:00,SUM,13.3,,,
0-20000-0-11723,SRA,1983,09,07:00,MAX,14.7,,,
0-20000-0-11723,SRA,1983,09,07:00,SUM,32.7,,,
0-20000-0-11723,SRA,1983,10,07:00,MAX,10.7,,,
0-20000-0-11723,SRA,1983,10,07:00,SUM,27.5,,,
0-20000-0-11723,SRA,1983,11,07:00,MAX,7.1,,,
0-20000-0-11723,SRA,1983,11,07:00,SUM,14.4,,,
0-20000-0-11723,SRA,1983,12,07:00,MAX,16.7,,,
0-20000-0-11723,SRA,1983,12,07:00,SUM,27.2,,,
0-20000-0-11723,SRA,1984,01,07:00,MAX,9.8,,,
0-20000-0-11723,SRA,1984,01,07:00,SUM,35.3,,,
0-20000-0-11723,SRA,1984,02,07:00,MAX,15.9,,,
0-20000-0-11723,SRA,1984,02,07:00,SUM,44.2,,,
0-20000-0-11723,SRA,1984,03,07:00,MAX,17.9,,,
0-20000-0-11723,SRA,1984,03,07:00,SUM,19.5,,,
0-20000-0-11723,SRA,1984,04,07:00,MAX,18.7,,,
0-20000-0-11723,SRA,1984,04,07:00,SUM,55.0,,,
0-20000-0-11723,SRA,1984,05,07:00,MAX,21.6,,,
0-20000-0-11723,SRA,1984,05,07:00,SUM,98.5,,,
0-20000-0-11723,SRA,1984,06,07:00,MAX,4.2,,,
0-20000-0-11723,SRA,1984,06,07:00,SUM,23.2,,,
0-20000-0-11723,SRA,1984,07,07:00,MAX,20.0,,,
0-20000-0-11723,SRA,1984,07,07:00,SUM,55.5,,,
0-20000-0-11723,SRA,1984,08,07:00,MAX,16.1,,,
0-20000-0-11723,SRA,1984,08,07:00,SUM,33.9,,,
0-20000-0-11723,SRA,1984,09,07:00,MAX,26.6,,,
0-20000-0-11723,SRA,1984,09,07:00,SUM,79.7,,,
0-20000-0-11723,SRA,1984,10,07:00,MAX,12.4,,,
0-20000-0-11723,SRA,1984,10,07:00,SUM,25.0,,,
0-20000-0-11723,SRA,1984,11,07:00,MAX,28.6,,,
0-20000-0-11723,SRA,1984,11,07:00,SUM,55.4,,,
0-20000-0-11723,SRA,1984,12,07:00,MAX,10.6,,,
0-20000-0-11723,SRA,1984,12,07:00,SUM,21.7,,,
0-20000-0-11723,SRA,1985,01,07:00,MAX,5.6,,,
0-20000-0-11723,SRA,1985,01,07:00,SUM,29.0,,,
0-20000-0-11723,SRA,1985,02,07:00,MAX,8.9,,,
0-20000-0-11723,SRA,1985,02,07:00,SUM,22.8,,,
0-20000-0-11723,SRA,1985,03,07:00,MAX,12.0,,,
0-20000-0-11723,SRA,1985,03,07:00,SUM,45.7,,,
0-20000-0-11723,SRA,1985,04,07:00,MAX,3.3,,,
0-20000-0-11723,SRA,1985,04,07:00,SUM,14.9,,,
0-20000-0-11723,SRA,1985,05,07:00,MAX,20.2,,,
0-20000-0-11723,SRA,1985,05,07:00,SUM,96.2,,,
0-20000-0-11723,SRA,1985,06,07:00,MAX,13.3,,,
0-20000-0-11723,SRA,1985,06,07:00,SUM,72.4,,,
0-20000-0-11723,SRA,1985,07,07:00,MAX,21.0,,,
0-20000-0-11723,SRA,1985,07,07:00,SUM,75.4,,,
0-20000-0-11723,SRA,1985,08,07:00,MAX,36.1,,,
0-20000-0-11723,SRA,1985,08,07:00,SUM,159.3,,,
0-20000-0-11723,SRA,1985,09,07:00,MAX,12.2,,,
0-20000-0-11723,SRA,1985,09,07:00,SUM,17.2,,,
0-20000-0-11723,SRA,1985,10,07:00,MAX,3.3,,,
0-20000-0-11723,SRA,1985,10,07:00,SUM,7.2,,,
0-20000-0-11723,SRA,1985,11,07:00,MAX,12.0,,,
0-20000-0-11723,SRA,1985,11,07:00,SUM,68.4,,,
0-20000-0-11723,SRA,1985,12,07:00,MAX,7.6,,,
0-20000-0-11723,SRA,1985,12,07:00,SUM,31.8,,,
0-20000-0-11723,SRA,1986,01,07:00,MAX,6.9,,,
0-20000-0-11723,SRA,1986,01,07:00,SUM,21.4,,,
0-20000-0-11723,SRA,1986,02,07:00,MAX,11.5,,,
0-20000-0-11723,SRA,1986,02,07:00,SUM,28.4,,,
0-20000-0-11723,SRA,1986,03,07:00,MAX,5.7,,,
0-20000-0-11723,SRA,1986,03,07:00,SUM,24.4,,,
0-20000-0-11723,SRA,1986,04,07:00,MAX,3.6,,,
0-20000-0-11723,SRA,1986,04,07:00,SUM,11.4,,,
0-20000-0-11723,SRA,1986,05,07:00,MAX,31.3,,,
0-20000-0-11723,SRA,1986,05,07:00,SUM,89.6,,,
0-20000-0-11723,SRA,1986,06,07:00,MAX,19.8,,,
0-20000-0-11723,SRA,1986,06,07:00,SUM,68.4,,,
0-20000-0-11723,SRA,1986,07,07:00,MAX,13.7,,,
0-20000-0-11723,SRA,1986,07,07:00,SUM,64.1,,,
0-20000-0-11723,SRA,1986,08,07:00,MAX,19.9,,,
0-20000-0-11723,SRA,1986,08,07:00,SUM,86.5,,,
0-20000-0-11723,SRA,1986,09,07:00,MAX,11.9,,,
0-20000-0-11723,SRA,1986,09,07:00,SUM,22.6,,,
0-20000-0-11723,SRA,1986,10,07:00,MAX,4.8,,,
0-20000-0-11723,SRA,1986,10,07:00,SUM,23.2,,,
0-20000-0-11723,SRA,1986,11,07:00,MAX,18.1,,,
0-20000-0-11723,SRA,1986,11,07:00,SUM,27.0,,,
0-20000-0-11723,SRA,1986,12,07:00,MAX,11.2,,,
0-20000-0-11723,SRA,1986,12,07:00,SUM,32.6,,,
0-20000-0-11723,SRA,1987,01,07:00,MAX,8.2,,,
0-20000-0-11723,SRA,1987,01,07:00,SUM,36.8,,,
0-20000-0-11723,SRA,1987,02,07:00,MAX,5.3,,,
0-20000-0-11723,SRA,1987,02,07:00,SUM,24.5,,,
0-20000-0-11723,SRA,1987,03,07:00,MAX,4.6,,,
0-20000-0-11723,SRA,1987,03,07:00,SUM,18.2,,,
0-20000-0-11723,SRA,1987,04,07:00,MAX,3.2,,,
0-20000-0-11723,SRA,1987,04,07:00,SUM,9.4,,,
0-20000-0-11723,SRA,1987,05,07:00,MAX,18.0,,,
0-20000-0-11723,SRA,1987,05,07:00,SUM,101.1,,,
0-20000-0-11723,SRA,1987,06,07:00,MAX,25.2,,,
0-20000-0-11723,SRA,1987,06,07:00,SUM,102.0,,,
0-20000-0-11723,SRA,1987,07,07:00,MAX,23.2,,,
0-20000-0-11723,SRA,1987,07,07:00,SUM,73.9,,,
0-20000-0-11723,SRA,1987,08,07:00,MAX,12.7,,,
0-20000-0-11723,SRA,1987,08,07:00,SUM,57.6,,,
0-20000-0-11723,SRA,1987,09,07:00,MAX,18.9,,,
0-20000-0-11723,SRA,1987,09,07:00,SUM,55.7,,,
0-20000-0-11723,SRA,1987,10,07:00,MAX,8.3,,,
0-20000-0-11723,SRA,1987,10,07:00,SUM,35.6,,,
0-20000-0-11723,SRA,1987,11,07:00,MAX,4.8,,,
0-20000-0-11723,SRA,1987,11,07:00,SUM,24.1,,,
0-20000-0-11723,SRA,1987,12,07:00,MAX,13.4,,,
0-20000-0-11723,SRA,1987,12,07:00,SUM,29.5,,,
0-20000-0-11723,SRA,1988,01,07:00,MAX,6.0,*,,
0-20000-0-11723,SRA,1988,01,07:00,SUM,27.0,,,
0-20000-0-11723,SRA,1988,02,07:00,MAX,6.2,,,
0-20000-0-11723,SRA,1988,02,07:00,SUM,29.0,,,
0-20000-0-11723,SRA,1988,03,07:00,MAX,3.7,,,
0-20000-0-11723,SRA,1988,03,07:00,SUM,25.8,,,
0-20000-0-11723,SRA,1988,04,07:00,MAX,9.7,,,
0-20000-0-11723,SRA,1988,04,07:00,SUM,12.1,,,
0-20000-0-11723,SRA,1988,05,07:00,MAX,18.1,,,
0-20000-0-11723,SRA,1988,05,07:00,SUM,37.9,,,
0-20000-0-11723,SRA,1988,06,07:00,MAX,49.9,,,
0-20000-0-11723,SRA,1988,06,07:00,SUM,129.9,,,
0-20000-0-11723,SRA,1988,07,07:00,MAX,20.9,,,
0-20000-0-11723,SRA,1988,07,07:00,SUM,62.5,,,
0-20000-0-11723,SRA,1988,08,07:00,MAX,31.1,,,
0-20000-0-11723,SRA,1988,08,07:00,SUM,66.1,,,
0-20000-0-11723,SRA,1988,09,07:00,MAX,31.6,,,
0-20000-0-11723,SRA,1988,09,07:00,SUM,61.8,,,
0-20000-0-11723,SRA,1988,10,07:00,MAX,8.0,,,
0-20000-0-11723,SRA,1988,10,07:00,SUM,19.4,,,
0-20000-0-11723,SRA,1988,11,07:00,MAX,4.3,,,
0-20000-0-11723,SRA,1988,11,07:00,SUM,14.6,,,
0-20000-0-11723,SRA,1988,12,07:00,MAX,10.3,,,
0-20000-0-11723,SRA,1988,12,07:00,SUM,31.7,,,
0-20000-0-11723,SRA,1989,01,07:00,MAX,12.4,,,
0-20000-0-11723,SRA,1989,01,07:00,SUM,15.3,,,
0-20000-0-11723,SRA,1989,02,07:00,MAX,4.1,,,
0-20000-0-11723,SRA,1989,02,07:00,SUM,9.8,,,
0-20000-0-11723,SRA,1989,03,07:00,MAX,8.8,,,
0-20000-0-11723,SRA,1989,03,07:00,SUM,19.3,,,
0-20000-0-11723,SRA,1989,04,07:00,MAX,20.8,,,
0-20000-0-11723,SRA,1989,04,07:00,SUM,49.1,,,
0-20000-0-11723,SRA,1989,05,07:00,MAX,4.9,,,
0-20000-0-11723,SRA,1989,05,07:00,SUM,16.7,,,
0-20000-0-11723,SRA,1989,06,07:00,MAX,22.2,,,
0-20000-0-11723,SRA,1989,06,07:00,SUM,85.2,,,
0-20000-0-11723,SRA,1989,07,07:00,MAX,4.8,,,
0-20000-0-11723,SRA,1989,07,07:00,SUM,15.1,,,
0-20000-0-11723,SRA,1989,08,07:00,MAX,33.6,,,
0-20000-0-11723,SRA,1989,08,07:00,SUM,87.3,,,
0-20000-0-11723,SRA,1989,09,07:00,MAX,14.4,,,
0-20000-0-11723,SRA,1989,09,07:00,SUM,40.5,,,
0-20000-0-11723,SRA,1989,10,07:00,MAX,3.6,,,
0-20000-0-11723,SRA,1989,10,07:00,SUM,12.4,,,
0-20000-0-11723,SRA,1989,11,07:00,MAX,7.0,,,
0-20000-0-11723,SRA,1989,11,07:00,SUM,15.6,,,
0-20000-0-11723,SRA,1989,12,07:00,MAX,5.0,,,
0-20000-0-11723,SRA,1989,12,07:00,SUM,23.0,,,
0-20000-0-11723,SRA,1990,01,07:00,MAX,0.7,,,
0-20000-0-11723,SRA,1990,01,07:00,SUM,1.7,,,
0-20000-0-11723,SRA,1990,02,07:00,MAX,17.2,,,
0-20000-0-11723,SRA,1990,02,07:00,SUM,54.0,,,
0-20000-0-11723,SRA,1990,03,07:00,MAX,2.4,,,
0-20000-0-11723,SRA,1990,03,07:00,SUM,8.2,,,
0-20000-0-11723,SRA,1990,04,07:00,MAX,21.1,,,
0-20000-0-11723,SRA,1990,04,07:00,SUM,61.4,,,
0-20000-0-11723,SRA,1990,05,07:00,MAX,41.2,,,
0-20000-0-11723,SRA,1990,05,07:00,SUM,77.8,,,
0-20000-0-11723,SRA,1990,06,07:00,MAX,12.0,,,
0-20000-0-11723,SRA,1990,06,07:00,SUM,54.5,,,
0-20000-0-11723,SRA,1990,07,07:00,MAX,16.7,,,
0-20000-0-11723,SRA,1990,07,07:00,SUM,52.1,,,
0-20000-0-11723,SRA,1990,08,07:00,MAX,6.0,,,
0-20000-0-11723,SRA,1990,08,07:00,SUM,13.6,,,
0-20000-0-11723,SRA,1990,09,07:00,MAX,14.9,,,
0-20000-0-11723,SRA,1990,09,07:00,SUM,57.6,,,
0-20000-0-11723,SRA,1990,10,07:00,MAX,14.6,,,
0-20000-0-11723,SRA,1990,10,07:00,SUM,35.9,,,
0-20000-0-11723,SRA,1990,11,07:00,MAX,18.8,,,
0-20000-0-11723,SRA,1990,11,07:00,SUM,51.1,,,
0-20000-0-11723,SRA,1990,12,07:00,MAX,5.8,,,
0-20000-0-11723,SRA,1990,12,07:00,SUM,24.4,,,
0-20000-0-11723,SRA,1991,01,07:00,MAX,2.1,,,
0-20000-0-11723,SRA,1991,01,07:00,SUM,5.8,,,
0-20000-0-11723,SRA,1991,02,07:00,MAX,6.9,,,
0-20000-0-11723,SRA,1991,02,07:00,SUM,10.3,,,
0-20000-0-11723,SRA,1991,03,07:00,MAX,7.5,,,
0-20000-0-11723,SRA,1991,03,07:00,SUM,17.5,,,
0-20000-0-11723,SRA,1991,04,07:00,MAX,4.9,,,
0-20000-0-11723,SRA,1991,04,07:00,SUM,15.6,,,
0-20000-0-11723,SRA,1991,05,07:00,MAX,20.5,,,
0-20000-0-11723,SRA,1991,05,07:00,SUM,59.8,,,
0-20000-0-11723,SRA,1991,06,07:00,MAX,34.0,,,
0-20000-0-11723,SRA,1991,06,07:00,SUM,80.9,,,
0-20000-0-11723,SRA,1991,07,07:00,MAX,18.9,,,
0-20000-0-11723,SRA,1991,07,07:00,SUM,47.2,,,
0-20000-0-11723,SRA,1991,08,07:00,MAX,18.2,,,
0-20000-0-11723,SRA,1991,08,07:00,SUM,36.9,,,
0-20000-0-11723,SRA,1991,09,07:00,MAX,12.8,,,
0-20000-0-11723,SRA,1991,09,07:00,SUM,32.2,,,
0-20000-0-11723,SRA,1991,10,07:00,MAX,8.5,,,
0-20000-0-11723,SRA,1991,10,07:00,SUM,17.9,,,
0-20000-0-11723,SRA,1991,11,07:00,MAX,19.1,,,
0-20000-0-11723,SRA,1991,11,07:00,SUM,74.5,,,
0-20000-0-11723,SRA,1991,12,07:00,MAX,11.2,,,
0-20000-0-11723,SRA,1991,12,07:00,SUM,35.8,,,
0-20000-0-11723,SRA,1992,01,07:00,MAX,2.4,,,
0-20000-0-11723,SRA,1992,01,07:00,SUM,6.0,,,
0-20000-0-11723,SRA,1992,02,07:00,MAX,2.9,,,
0-20000-0-11723,SRA,1992,02,07:00,SUM,6.5,,,
0-20000-0-11723,SRA,1992,03,07:00,MAX,13.6,,,
0-20000-0-11723,SRA,1992,03,07:00,SUM,66.5,,,
0-20000-0-11723,SRA,1992,04,07:00,MAX,22.6,,,
0-20000-0-11723,SRA,1992,04,07:00,SUM,38.9,,,
0-20000-0-11723,SRA,1992,05,07:00,MAX,11.8,,,
0-20000-0-11723,SRA,1992,05,07:00,SUM,20.3,,,
0-20000-0-11723,SRA,1992,06,07:00,MAX,24.7,,,
0-20000-0-11723,SRA,1992,06,07:00,SUM,84.6,,,
0-20000-0-11723,SRA,1992,07,07:00,MAX,23.4,,,
0-20000-0-11723,SRA,1992,07,07:00,SUM,45.6,,,
0-20000-0-11723,SRA,1992,08,07:00,MAX,11.2,,,
0-20000-0-11723,SRA,1992,08,07:00,SUM,34.1,,,
0-20000-0-11723,SRA,1992,09,07:00,MAX,11.3,,,
0-20000-0-11723,SRA,1992,09,07:00,SUM,31.1,,,
0-20000-0-11723,SRA,1992,10,07:00,MAX,15.3,,,
0-20000-0-11723,SRA,1992,10,07:00,SUM,63.3,,,
0-20000-0-11723,SRA,1992,11,07:00,MAX,7.3,,,
0-20000-0-11723,SRA,1992,11,07:00,SUM,34.2,,,
0-20000-0-11723,SRA,1992,12,07:00,MAX,14.6,,,
0-20000-0-11723,SRA,1992,12,07:00,SUM,31.1,,,
0-20000-0-11723,SRA,1993,01,07:00,MAX,3.2,,,
0-20000-0-11723,SRA,1993,01,07:00,SUM,12.2,,,
0-20000-0-11723,SRA,1993,02,07:00,MAX,3.1,,,
0-20000-0-11723,SRA,1993,02,07:00,SUM,12.4,,,
0-20000-0-11723,SRA,1993,03,07:00,MAX,7.9,,,
0-20000-0-11723,SRA,1993,03,07:00,SUM,17.3,,,
0-20000-0-11723,SRA,1993,04,07:00,MAX,1.1,,,
0-20000-0-11723,SRA,1993,04,07:00,SUM,3.2,,,
0-20000-0-11723,SRA,1993,05,07:00,MAX,13.9,,,
0-20000-0-11723,SRA,1993,05,07:00,SUM,37.2,,,
0-20000-0-11723,SRA,1993,06,07:00,MAX,28.0,,,
0-20000-0-11723,SRA,1993,06,07:00,SUM,107.4,,,
0-20000-0-11723,SRA,1993,07,07:00,MAX,13.6,,,
0-20000-0-11723,SRA,1993,07,07:00,SUM,54.2,,,
0-20000-0-11723,SRA,1993,08,07:00,MAX,15.5,,,
0-20000-0-11723,SRA,1993,08,07:00,SUM,51.6,,,
0-20000-0-11723,SRA,1993,09,07:00,MAX,18.0,,,
0-20000-0-11723,SRA,1993,09,07:00,SUM,36.4,,,
0-20000-0-11723,SRA,1993,10,07:00,MAX,10.5,,,
0-20000-0-11723,SRA,1993,10,07:00,SUM,36.5,,,
0-20000-0-11723,SRA,1993,11,07:00,MAX,10.1,,,
0-20000-0-11723,SRA,1993,11,07:00,SUM,28.2,,,
0-20000-0-11723,SRA,1993,12,07:00,MAX,16.5,,,
0-20000-0-11723,SRA,1993,12,07:00,SUM,58.6,,,
0-20000-0-11723,SRA,1994,01,07:00,MAX,4.0,,,
0-20000-0-11723,SRA,1994,01,07:00,SUM,14.9,,,
0-20000-0-11723,SRA,1994,02,07:00,MAX,8.4,,,
0-20000-0-11723,SRA,1994,02,07:00,SUM,13.4,,,
0-20000-0-11723,SRA,1994,03,07:00,MAX,3.4,,,
0-20000-0-11723,SRA,1994,03,07:00,SUM,16.7,,,
0-20000-0-11723,SRA,1994,04,07:00,MAX,13.2,,,
0-20000-0-11723,SRA,1994,04,07:00,SUM,49.2,,,
0-20000-0-11723,SRA,1994,05,07:00,MAX,56.5,,,
0-20000-0-11723,SRA,1994,05,07:00,SUM,94.3,,,
0-20000-0-11723,SRA,1994,06,07:00,MAX,16.7,,,
0-20000-0-11723,SRA,1994,06,07:00,SUM,26.8,,,
0-20000-0-11723,SRA,1994,07,07:00,MAX,7.5,,,
0-20000-0-11723,SRA,1994,07,07:00,SUM,26.6,,,
0-20000-0-11723,SRA,1994,08,07:00,MAX,26.1,,,
0-20000-0-11723,SRA,1994,08,07:00,SUM,86.2,,,
0-20000-0-11723,SRA,1994,09,07:00,MAX,8.6,,,
0-20000-0-11723,SRA,1994,09,07:00,SUM,27.0,,,
0-20000-0-11723,SRA,1994,10,07:00,MAX,16.6,,,
0-20000-0-11723,SRA,1994,10,07:00,SUM,41.3,,,
0-20000-0-11723,SRA,1994,11,07:00,MAX,2.7,,,
0-20000-0-11723,SRA,1994,11,07:00,SUM,11.7,,,
0-20000-0-11723,SRA,1994,12,07:00,MAX,6.3,,,
0-20000-0-11723,SRA,1994,12,07:00,SUM,31.1,,,
0-20000-0-11723,SRA,1995,01,07:00,MAX,9.4,,,
0-20000-0-11723,SRA,1995,01,07:00,SUM,28.5,,,
0-20000-0-11723,SRA,1995,02,07:00,MAX,4.5,,,
0-20000-0-11723,SRA,1995,02,07:00,SUM,16.7,,,
0-20000-0-11723,SRA,1995,03,07:00,MAX,17.9,,,
0-20000-0-11723,SRA,1995,03,07:00,SUM,39.9,,,
0-20000-0-11723,SRA,1995,04,07:00,MAX,9.4,,,
0-20000-0-11723,SRA,1995,04,07:00,SUM,25.3,,,
0-20000-0-11723,SRA,1995,05,07:00,MAX,24.6,,,
0-20000-0-11723,SRA,1995,05,07:00,SUM,70.2,,,
0-20000-0-11723,SRA,1995,06,07:00,MAX,16.2,,,
0-20000-0-11723,SRA,1995,06,07:00,SUM,80.0,,,
0-20000-0-11723,SRA,1995,07,07:00,MAX,15.6,,,
0-20000-0-11723,SRA,1995,07,07:00,SUM,44.3,,,
0-20000-0-11723,SRA,1995,08,07:00,MAX,12.4,,,
0-20000-0-11723,SRA,1995,08,07:00,SUM,45.9,,,
0-20000-0-11723,SRA,1995,09,07:00,MAX,37.3,,,
0-20000-0-11723,SRA,1995,09,07:00,SUM,99.5,,,
0-20000-0-11723,SRA,1995,10,07:00,MAX,1.4,,,
0-20000-0-11723,SRA,1995,10,07:00,SUM,3.7,,,
0-20000-0-11723,SRA,1995,11,07:00,MAX,3.2,,,
0-20000-0-11723,SRA,1995,11,07:00,SUM,25.1,,,
0-20000-0-11723,SRA,1995,12,07:00,MAX,6.2,,,
0-20000-0-11723,SRA,1995,12,07:00,SUM,32.5,,,
0-20000-0-11723,SRA,1996,01,07:00,MAX,8.5,,,
0-20000-0-11723,SRA,1996,01,07:00,SUM,32.2,,,
0-20000-0-11723,SRA,1996,02,07:00,MAX,21.8,,,
0-20000-0-11723,SRA,1996,02,07:00,SUM,35.6,,,
0-20000-0-11723,SRA,1996,03,07:00,MAX,6.5,,,
0-20000-0-11723,SRA,1996,03,07:00,SUM,16.6,,,
0-20000-0-11723,SRA,1996,04,07:00,MAX,8.9,,,
0-20000-0-11723,SRA,1996,04,07:00,SUM,45.7,,,
0-20000-0-11723,SRA,1996,05,07:00,MAX,19.6,,,
0-20000-0-11723,SRA,1996,05,07:00,SUM,61.1,,,
0-20000-0-11723,SRA,1996,06,07:00,MAX,25.7,,,
0-20000-0-11723,SRA,1996,06,07:00,SUM,77.7,,,
0-20000-0-11723,SRA,1996,07,07:00,MAX,15.0,,,
0-20000-0-11723,SRA,1996,07,07:00,SUM,30.0,,,
0-20000-0-11723,SRA,1996,08,07:00,MAX,25.2,,,
0-20000-0-11723,SRA,1996,08,07:00,SUM,90.0,,,
0-20000-0-11723,SRA,1996,09,07:00,MAX,13.9,,,
0-20000-0-11723,SRA,1996,09,07:00,SUM,50.1,,,
0-20000-0-11723,SRA,1996,10,07:00,MAX,30.4,,,
0-20000-0-11723,SRA,1996,10,07:00,SUM,47.2,,,
0-20000-0-11723,SRA,1996,11,07:00,MAX,6.7,,,
0-20000-0-11723,SRA,1996,11,07:00,SUM,30.4,,,
0-20000-0-11723,SRA,1996,12,07:00,MAX,4.3,,,
0-20000-0-11723,SRA,1996,12,07:00,SUM,20.8,,,
0-20000-0-11723,SRA,1997,01,07:00,MAX,5.2,,,
0-20000-0-11723,SRA,1997,01,07:00,SUM,11.3,,,
0-20000-0-11723,SRA,1997,02,07:00,MAX,7.3,,,
0-20000-0-11723,SRA,1997,02,07:00,SUM,22.8,,,
0-20000-0-11723,SRA,1997,03,07:00,MAX,6.8,,,
0-20000-0-11723,SRA,1997,03,07:00,SUM,24.8,,,
0-20000-0-11723,SRA,1997,04,07:00,MAX,6.0,,,
0-20000-0-11723,SRA,1997,04,07:00,SUM,19.8,,,
0-20000-0-11723,SRA,1997,05,07:00,MAX,23.2,,,
0-20000-0-11723,SRA,1997,05,07:00,SUM,45.4,,,
0-20000-0-11723,SRA,1997,06,07:00,MAX,20.0,,,
0-20000-0-11723,SRA,1997,06,07:00,SUM,71.4,,,
0-20000-0-11723,SRA,1997,07,07:00,MAX,41.6,,,
0-20000-0-11723,SRA,1997,07,07:00,SUM,223.3,,,
0-20000-0-11723,SRA,1997,08,07:00,MAX,11.6,,,
0-20000-0-11723,SRA,1997,08,07:00,SUM,22.1,,,
0-20000-0-11723,SRA,1997,09,07:00,MAX,19.0,,,
0-20000-0-11723,SRA,1997,09,07:00,SUM,34.5,,,
0-20000-0-11723,SRA,1997,10,07:00,MAX,7.2,,,
0-20000-0-11723,SRA,1997,10,07:00,SUM,29.7,,,
0-20000-0-11723,SRA,1997,11,07:00,MAX,12.8,,,
0-20000-0-11723,SRA,1997,11,07:00,SUM,66.8,,,
0-20000-0-11723,SRA,1997,12,07:00,MAX,11.3,,,
0-20000-0-11723,SRA,1997,12,07:00,SUM,41.3,,,
0-20000-0-11723,SRA,1998,01,07:00,MAX,2.9,,,
0-20000-0-11723,SRA,1998,01,07:00,SUM,11.3,,,
0-20000-0-11723,SRA,1998,02,07:00,MAX,0.8,,,
0-20000-0-11723,SRA,1998,02,07:00,SUM,1.1,,,
0-20000-0-11723,SRA,1998,03,07:00,MAX,4.7,,,
0-20000-0-11723,SRA,1998,03,07:00,SUM,10.3,,,
0-20000-0-11723,SRA,1998,04,07:00,MAX,12.8,,,
0-20000-0-11723,SRA,1998,04,07:00,SUM,35.9,,,
0-20000-0-11723,SRA,1998,05,07:00,MAX,19.4,,,
0-20000-0-11723,SRA,1998,05,07:00,SUM,28.9,,,
0-20000-0-11723,SRA,1998,06,07:00,MAX,31.3,,,
0-20000-0-11723,SRA,1998,06,07:00,SUM,92.0,,,
0-20000-0-11723,SRA,1998,07,07:00,MAX,28.4,,,
0-20000-0-11723,SRA,1998,07,07:00,SUM,69.8,,,
0-20000-0-11723,SRA,1998,08,07:00,MAX,21.8,,,
0-20000-0-11723,SRA,1998,08,07:00,SUM,38.8,,,
0-20000-0-11723,SRA,1998,09,07:00,MAX,41.5,,,
0-20000-0-11723,SRA,1998,09,07:00,SUM,117.7,,,
0-20000-0-11723,SRA,1998,10,07:00,MAX,15.5,,,
0-20000-0-11723,SRA,1998,10,07:00,SUM,70.4,,,
0-20000-0-11723,SRA,1998,11,07:00,MAX,7.7,,,
0-20000-0-11723,SRA,1998,11,07:00,SUM,24.6,,,
0-20000-0-11723,SRA,1998,12,07:00,MAX,2.0,,,
0-20000-0-11723,SRA,1998,12,07:00,SUM,8.4,,,
0-20000-0-11723,SRA,1999,01,07:00,MAX,2.3,,,
0-20000-0-11723,SRA,1999,01,07:00,SUM,9.0,,,
0-20000-0-11723,SRA,1999,02,07:00,MAX,3.5,,,
0-20000-0-11723,SRA,1999,02,07:00,SUM,27.6,,,
0-20000-0-11723,SRA,1999,03,07:00,MAX,17.5,,,
0-20000-0-11723,SRA,1999,03,07:00,SUM,32.4,,,
0-20000-0-11723,SRA,1999,04,07:00,MAX,11.8,,,
0-20000-0-11723,SRA,1999,04,07:00,SUM,35.1,,,
0-20000-0-11723,SRA,1999,05,07:00,MAX,10.4,,,
0-20000-0-11723,SRA,1999,05,07:00,SUM,44.8,,,
0-20000-0-11723,SRA,1999,06,07:00,MAX,25.6,,,
0-20000-0-11723,SRA,1999,06,07:00,SUM,91.0,,,
0-20000-0-11723,SRA,1999,07,07:00,MAX,28.4,,,
0-20000-0-11723,SRA,1999,07,07:00,SUM,78.0,,,
0-20000-0-11723,SRA,1999,08,07:00,MAX,7.6,,,
0-20000-0-11723,SRA,1999,08,07:00,SUM,25.6,,,
0-20000-0-11723,SRA,1999,09,07:00,MAX,11.7,,,
0-20000-0-11723,SRA,1999,09,07:00,SUM,32.3,,,
0-20000-0-11723,SRA,1999,10,07:00,MAX,4.4,,,
0-20000-0-11723,SRA,1999,10,07:00,SUM,14.4,,,
0-20000-0-11723,SRA,1999,11,07:00,MAX,14.6,,,
0-20000-0-11723,SRA,1999,11,07:00,SUM,40.3,,,
0-20000-0-11723,SRA,1999,12,07:00,MAX,5.9,,,
0-20000-0-11723,SRA,1999,12,07:00,SUM,23.7,,,
0-20000-0-11723,SRA,2000,01,07:00,MAX,6.8,,,
0-20000-0-11723,SRA,2000,01,07:00,SUM,30.8,,,
0-20000-0-11723,SRA,2000,02,07:00,MAX,5.6,,,
0-20000-0-11723,SRA,2000,02,07:00,SUM,19.6,,,
0-20000-0-11723,SRA,2000,03,07:00,MAX,13.3,,,
0-20000-0-11723,SRA,2000,03,07:00,SUM,52.9,,,
0-20000-0-11723,SRA,2000,04,07:00,MAX,1.4,,,
0-20000-0-11723,SRA,2000,04,07:00,SUM,3.2,,,
0-20000-0-11723,SRA,2000,05,07:00,MAX,14.3,,,
0-20000-0-11723,SRA,2000,05,07:00,SUM,33.6,,,
0-20000-0-11723,SRA,2000,06,07:00,MAX,5.5,,,
0-20000-0-11723,SRA,2000,06,07:00,SUM,17.9,,,
0-20000-0-11723,SRA,2000,07,07:00,MAX,24.2,,,
0-20000-0-11723,SRA,2000,07,07:00,SUM,124.5,,,
0-20000-0-11723,SRA,2000,08,07:00,MAX,10.6,,,
0-20000-0-11723,SRA,2000,08,07:00,SUM,33.9,,,
0-20000-0-11723,SRA,2000,09,07:00,MAX,16.7,,,
0-20000-0-11723,SRA,2000,09,07:00,SUM,32.5,,,
0-20000-0-11723,SRA,2000,10,07:00,MAX,4.8,,,
0-20000-0-11723,SRA,2000,10,07:00,SUM,17.7,,,
0-20000-0-11723,SRA,2000,11,07:00,MAX,12.9,,,
0-20000-0-11723,SRA,2000,11,07:00,SUM,58.3,,,
0-20000-0-11723,SRA,2000,12,07:00,MAX,8.2,,,
0-20000-0-11723,SRA,2000,12,07:00,SUM,34.8,,,
0-20000-0-11723,SRA,2001,01,07:00,MAX,9.6,,,
0-20000-0-11723,SRA,2001,01,07:00,SUM,29.7,,,
0-20000-0-11723,SRA,2001,02,07:00,MAX,6.6,,,
0-20000-0-11723,SRA,2001,02,07:00,SUM,17.3,,,
0-20000-0-11723,SRA,2001,03,07:00,MAX,10.6,,,
0-20000-0-11723,SRA,2001,03,07:00,SUM,46.5,,,
0-20000-0-11723,SRA,2001,04,07:00,MAX,17.3,,,
0-20000-0-11723,SRA,2001,04,07:00,SUM,40.5,,,
0-20000-0-11723,SRA,2001,05,07:00,MAX,17.2,,,
0-20000-0-11723,SRA,2001,05,07:00,SUM,60.2,,,
0-20000-0-11723,SRA,2001,06,07:00,MAX,8.6,,,
0-20000-0-11723,SRA,2001,06,07:00,SUM,35.5,,,
0-20000-0-11723,SRA,2001,07,07:00,MAX,20.1,,,
0-20000-0-11723,SRA,2001,07,07:00,SUM,70.5,,,
0-20000-0-11723,SRA,2001,08,07:00,MAX,43.4,,,
0-20000-0-11723,SRA,2001,08,07:00,SUM,91.1,,,
0-20000-0-11723,SRA,2001,09,07:00,MAX,22.5,,,
0-20000-0-11723,SRA,2001,09,07:00,SUM,110.7,,,
0-20000-0-11723,SRA,2001,10,07:00,MAX,8.2,,,
0-20000-0-11723,SRA,2001,10,07:00,SUM,12.5,,,
0-20000-0-11723,SRA,2001,11,07:00,MAX,8.0,,,
0-20000-0-11723,SRA,2001,11,07:00,SUM,20.6,,,
0-20000-0-11723,SRA,2001,12,07:00,MAX,7.3,,,
0-20000-0-11723,SRA,2001,12,07:00,SUM,30.6,,,
0-20000-0-11723,SRA,2002,01,07:00,MAX,2.1,,,
0-20000-0-11723,SRA,2002,01,07:00,SUM,8.1,,,
0-20000-0-11723,SRA,2002,02,07:00,MAX,4.9,,,
0-20000-0-11723,SRA,2002,02,07:00,SUM,21.3,,,
0-20000-0-11723,SRA,2002,03,07:00,MAX,6.9,,,
0-20000-0-11723,SRA,2002,03,07:00,SUM,21.0,,,
0-20000-0-11723,SRA,2002,04,07:00,MAX,5.6,,,
0-20000-0-11723,SRA,2002,04,07:00,SUM,28.6,,,
0-20000-0-11723,SRA,2002,05,07:00,MAX,27.7,,,
0-20000-0-11723,SRA,2002,05,07:00,SUM,45.8,,,
0-20000-0-11723,SRA,2002,06,07:00,MAX,20.3,,,
0-20000-0-11723,SRA,2002,06,07:00,SUM,81.7,,,
0-20000-0-11723,SRA,2002,07,07:00,MAX,20.4,,,
0-20000-0-11723,SRA,2002,07,07:00,SUM,58.0,,,
0-20000-0-11723,SRA,2002,08,07:00,MAX,28.9,,,
0-20000-0-11723,SRA,2002,08,07:00,SUM,91.2,,,
0-20000-0-11723,SRA,2002,09,07:00,MAX,15.0,,,
0-20000-0-11723,SRA,2002,09,07:00,SUM,39.2,,,
0-20000-0-11723,SRA,2002,10,07:00,MAX,20.1,,,
0-20000-0-11723,SRA,2002,10,07:00,SUM,71.9,,,
0-20000-0-11723,SRA,2002,11,07:00,MAX,9.9,,,
0-20000-0-11723,SRA,2002,11,07:00,SUM,48.2,,,
0-20000-0-11723,SRA,2002,12,07:00,MAX,10.7,,,
0-20000-0-11723,SRA,2002,12,07:00,SUM,46.0,,,
0-20000-0-11723,SRA,2003,01,07:00,MAX,9.5,,,
0-20000-0-11723,SRA,2003,01,07:00,SUM,26.6,,,
0-20000-0-11723,SRA,2003,02,07:00,MAX,4.0,,,
0-20000-0-11723,SRA,2003,02,07:00,SUM,4.3,,,
0-20000-0-11723,SRA,2003,03,07:00,MAX,1.7,,,
0-20000-0-11723,SRA,2003,03,07:00,SUM,4.1,,,
0-20000-0-11723,SRA,2003,04,07:00,MAX,6.2,,,
0-20000-0-11723,SRA,2003,04,07:00,SUM,22.4,,,
0-20000-0-11723,SRA,2003,05,07:00,MAX,42.9,,,
0-20000-0-11723,SRA,2003,05,07:00,SUM,92.8,,,
0-20000-0-11723,SRA,2003,06,07:00,MAX,29.1,,,
0-20000-0-11723,SRA,2003,06,07:00,SUM,59.8,,,
0-20000-0-11723,SRA,2003,07,07:00,MAX,16.9,,,
0-20000-0-11723,SRA,2003,07,07:00,SUM,66.1,,,
0-20000-0-11723,SRA,2003,08,07:00,MAX,19.7,,,
0-20000-0-11723,SRA,2003,08,07:00,SUM,37.0,,,
0-20000-0-11723,SRA,2003,09,07:00,MAX,13.0,,,
0-20000-0-11723,SRA,2003,09,07:00,SUM,24.3,,,
0-20000-0-11723,SRA,2003,10,07:00,MAX,26.4,,,
0-20000-0-11723,SRA,2003,10,07:00,SUM,58.5,,,
0-20000-0-11723,SRA,2003,11,07:00,MAX,11.6,,,
0-20000-0-11723,SRA,2003,11,07:00,SUM,32.3,,,
0-20000-0-11723,SRA,2003,12,07:00,MAX,25.4,,,
0-20000-0-11723,SRA,2003,12,07:00,SUM,54.3,,,
0-20000-0-11723,SRA,2004,01,07:00,MAX,12.7,,,
0-20000-0-11723,SRA,2004,01,07:00,SUM,46.8,,,
0-20000-0-11723,SRA,2004,02,07:00,MAX,12.3,,,
0-20000-0-11723,SRA,2004,02,07:00,SUM,26.2,,,
0-20000-0-11723,SRA,2004,03,07:00,MAX,14.7,,,
0-20000-0-11723,SRA,2004,03,07:00,SUM,36.5,,,
0-20000-0-11723,SRA,2004,04,07:00,MAX,14.6,,,
0-20000-0-11723,SRA,2004,04,07:00,SUM,26.4,,,
0-20000-0-11723,SRA,2004,05,07:00,MAX,3.6,,,
0-20000-0-11723,SRA,2004,05,07:00,SUM,15.6,,,
0-20000-0-11723,SRA,2004,06,07:00,MAX,14.5,,,
0-20000-0-11723,SRA,2004,06,07:00,SUM,77.5,,,
0-20000-0-11723,SRA,2004,07,07:00,MAX,9.2,,,
0-20000-0-11723,SRA,2004,07,07:00,SUM,35.2,,,
0-20000-0-11723,SRA,2004,08,07:00,MAX,9.7,,,
0-20000-0-11723,SRA,2004,08,07:00,SUM,20.8,,,
0-20000-0-11723,SRA,2004,09,07:00,MAX,16.4,,,
0-20000-0-11723,SRA,2004,09,07:00,SUM,39.9,,,
0-20000-0-11723,SRA,2004,10,07:00,MAX,18.9,,,
0-20000-0-11723,SRA,2004,10,07:00,SUM,62.6,,,
0-20000-0-11723,SRA,2004,11,07:00,MAX,15.6,,,
0-20000-0-11723,SRA,2004,11,07:00,SUM,39.5,,,
0-20000-0-11723,SRA,2004,12,07:00,MAX,14.1,,,
0-20000-0-11723,SRA,2004,12,07:00,SUM,24.2,,,
0-20000-0-11723,SRA,2005,01,07:00,MAX,11.1,,,
0-20000-0-11723,SRA,2005,01,07:00,SUM,23.6,,,
0-20000-0-11723,SRA,2005,02,07:00,MAX,16.0,,,
0-20000-0-11723,SRA,2005,02,07:00,SUM,47.5,,,
0-20000-0-11723,SRA,2005,03,07:00,MAX,3.1,,,
0-20000-0-11723,SRA,2005,03,07:00,SUM,12.1,,,
0-20000-0-11723,SRA,2005,04,07:00,MAX,18.3,,,
0-20000-0-11723,SRA,2005,04,07:00,SUM,64.7,,,
0-20000-0-11723,SRA,2005,05,07:00,MAX,28.6,,,
0-20000-0-11723,SRA,2005,05,07:00,SUM,97.2,,,
0-20000-0-11723,SRA,2005,06,07:00,MAX,26.7,,,
0-20000-0-11723,SRA,2005,06,07:00,SUM,58.5,,,
0-20000-0-11723,SRA,2005,07,07:00,MAX,23.7,,,
0-20000-0-11723,SRA,2005,07,07:00,SUM,92.6,,,
0-20000-0-11723,SRA,2005,08,07:00,MAX,40.8,,,
0-20000-0-11723,SRA,2005,08,07:00,SUM,85.4,,,
0-20000-0-11723,SRA,2005,09,07:00,MAX,15.5,,,
0-20000-0-11723,SRA,2005,09,07:00,SUM,21.0,,,
0-20000-0-11723,SRA,2005,10,07:00,MAX,1.2,,,
0-20000-0-11723,SRA,2005,10,07:00,SUM,3.6,,,
0-20000-0-11723,SRA,2005,11,07:00,MAX,11.8,,,
0-20000-0-11723,SRA,2005,11,07:00,SUM,24.1,,,
0-20000-0-11723,SRA,2005,12,07:00,MAX,9.7,,,
0-20000-0-11723,SRA,2005,12,07:00,SUM,33.8,,,
0-20000-0-11723,SRA,2006,01,07:00,MAX,10.6,,,
0-20000-0-11723,SRA,2006,01,07:00,SUM,31.3,,,
0-20000-0-11723,SRA,2006,02,07:00,MAX,15.1,,,
0-20000-0-11723,SRA,2006,02,07:00,SUM,39.5,,,
0-20000-0-11723,SRA,2006,03,07:00,MAX,14.5,,,
0-20000-0-11723,SRA,2006,03,07:00,SUM,65.4,,,
0-20000-0-11723,SRA,2006,04,07:00,MAX,21.0,,,
0-20000-0-11723,SRA,2006,04,07:00,SUM,56.8,,,
0-20000-0-11723,SRA,2006,05,07:00,MAX,18.7,,,
0-20000-0-11723,SRA,2006,05,07:00,SUM,79.1,,,
0-20000-0-11723,SRA,2006,06,07:00,MAX,30.1,,,
0-20000-0-11723,SRA,2006,06,07:00,SUM,70.1,,,
0-20000-0-11723,SRA,2006,07,07:00,MAX,39.3,,,
0-20000-0-11723,SRA,2006,07,07:00,SUM,74.1,,,
0-20000-0-11723,SRA,2006,08,07:00,MAX,51.0,,,
0-20000-0-11723,SRA,2006,08,07:00,SUM,144.5,,,
0-20000-0-11723,SRA,2006,09,07:00,MAX,22.1,,,
0-20000-0-11723,SRA,2006,09,07:00,SUM,25.7,,,
0-20000-0-11723,SRA,2006,10,07:00,MAX,5.8,,,
0-20000-0-11723,SRA,2006,10,07:00,SUM,13.8,,,
0-20000-0-11723,SRA,2006,11,07:00,MAX,6.7,,,
0-20000-0-11723,SRA,2006,11,07:00,SUM,14.8,,,
0-20000-0-11723,SRA,2006,12,07:00,MAX,7.1,,,
0-20000-0-11723,SRA,2006,12,07:00,SUM,19.0,,,
0-20000-0-11723,SRA,2007,01,07:00,MAX,7.6,,,
0-20000-0-11723,SRA,2007,01,07:00,SUM,34.4,,,
0-20000-0-11723,SRA,2007,02,07:00,MAX,7.4,,,
0-20000-0-11723,SRA,2007,02,07:00,SUM,31.4,,,
0-20000-0-11723,SRA,2007,03,07:00,MAX,10.5,,,
0-20000-0-11723,SRA,2007,03,07:00,SUM,43.6,,,
0-20000-0-11723,SRA,2007,04,07:00,MAX,2.7,,,
0-20000-0-11723,SRA,2007,04,07:00,SUM,2.7,,,
0-20000-0-11723,SRA,2007,05,07:00,MAX,10.3,,,
0-20000-0-11723,SRA,2007,05,07:00,SUM,43.6,,,
0-20000-0-11723,SRA,2007,06,07:00,MAX,32.9,,,
0-20000-0-11723,SRA,2007,06,07:00,SUM,93.7,,,
0-20000-0-11723,SRA,2007,07,07:00,MAX,12.8,,,
0-20000-0-11723,SRA,2007,07,07:00,SUM,35.6,,,
0-20000-0-11723,SRA,2007,08,07:00,MAX,16.2,,,
0-20000-0-11723,SRA,2007,08,07:00,SUM,36.5,,,
0-20000-0-11723,SRA,2007,09,07:00,MAX,34.6,,,
0-20000-0-11723,SRA,2007,09,07:00,SUM,88.0,,,
0-20000-0-11723,SRA,2007,10,07:00,MAX,5.5,,,
0-20000-0-11723,SRA,2007,10,07:00,SUM,26.1,,,
0-20000-0-11723,SRA,2007,11,07:00,MAX,11.3,,,
0-20000-0-11723,SRA,2007,11,07:00,SUM,29.4,,,
0-20000-0-11723,SRA,2007,12,07:00,MAX,4.3,,,
0-20000-0-11723,SRA,2007,12,07:00,SUM,17.6,,,
0-20000-0-11723,SRA,2008,01,07:00,MAX,4.5,,,
0-20000-0-11723,SRA,2008,01,07:00,SUM,17.0,,,
0-20000-0-11723,SRA,2008,02,07:00,MAX,5.4,,,
0-20000-0-11723,SRA,2008,02,07:00,SUM,10.1,,,
0-20000-0-11723,SRA,2008,03,07:00,MAX,5.6,,,
0-20000-0-11723,SRA,2008,03,07:00,SUM,32.0,,,
0-20000-0-11723,SRA,2008,04,07:00,MAX,13.3,,,
0-20000-0-11723,SRA,2008,04,07:00,SUM,32.0,,,
0-20000-0-11723,SRA,2008,05,07:00,MAX,45.5,,,
0-20000-0-11723,SRA,2008,05,07:00,SUM,69.6,,,
0-20000-0-11723,SRA,2008,06,07:00,MAX,12.3,,,
0-20000-0-11723,SRA,2008,06,07:00,SUM,35.9,,,
0-20000-0-11723,SRA,2008,07,07:00,MAX,22.5,,,
0-20000-0-11723,SRA,2008,07,07:00,SUM,62.0,,,
0-20000-0-11723,SRA,2008,08,07:00,MAX,31.9,,,
0-20000-0-11723,SRA,2008,08,07:00,SUM,44.6,,,
0-20000-0-11723,SRA,2008,09,07:00,MAX,10.6,,,
0-20000-0-11723,SRA,2008,09,07:00,SUM,38.4,,,
0-20000-0-11723,SRA,2008,10,07:00,MAX,10.7,,,
0-20000-0-11723,SRA,2008,10,07:00,SUM,31.3,,,
0-20000-0-11723,SRA,2008,11,07:00,MAX,11.0,,,
0-20000-0-11723,SRA,2008,11,07:00,SUM,29.6,,,
0-20000-0-11723,SRA,2008,12,07:00,MAX,13.0,,,
0-20000-0-11723,SRA,2008,12,07:00,SUM,23.5,,,
0-20000-0-11723,SRA,2009,01,07:00,MAX,9.1,,,
0-20000-0-11723,SRA,2009,01,07:00,SUM,20.8,,,
0-20000-0-11723,SRA,2009,02,07:00,MAX,16.2,,,
0-20000-0-11723,SRA,2009,02,07:00,SUM,56.9,,,
0-20000-0-11723,SRA,2009,03,07:00,MAX,21.4,,,
0-20000-0-11723,SRA,2009,03,07:00,SUM,72.9,,,
0-20000-0-11723,SRA,2009,04,07:00,MAX,1.5,,,
0-20000-0-11723,SRA,2009,04,07:00,SUM,3.4,,,
0-20000-0-11723,SRA,2009,05,07:00,MAX,7.2,,,
0-20000-0-11723,SRA,2009,05,07:00,SUM,37.5,,,
0-20000-0-11723,SRA,2009,06,07:00,MAX,26.9,,,
0-20000-0-11723,SRA,2009,06,07:00,SUM,99.5,,,
0-20000-0-11723,SRA,2009,07,07:00,MAX,26.2,,,
0-20000-0-11723,SRA,2009,07,07:00,SUM,120.1,,,
0-20000-0-11723,SRA,2009,08,07:00,MAX,12.7,,,
0-20000-0-11723,SRA,2009,08,07:00,SUM,25.7,,,
0-20000-0-11723,SRA,2009,09,07:00,MAX,5.2,,,
0-20000-0-11723,SRA,2009,09,07:00,SUM,14.5,,,
0-20000-0-11723,SRA,2009,10,07:00,MAX,5.6,,,
0-20000-0-11723,SRA,2009,10,07:00,SUM,24.6,,,
0-20000-0-11723,SRA,2009,11,07:00,MAX,15.0,,,
0-20000-0-11723,SRA,2009,11,07:00,SUM,47.4,,,
0-20000-0-11723,SRA,2009,12,07:00,MAX,7.0,,,
0-20000-0-11723,SRA,2009,12,07:00,SUM,44.0,,,
0-20000-0-11723,SRA,2010,01,07:00,MAX,15.6,,,
0-20000-0-11723,SRA,2010,01,07:00,SUM,47.7,,,
0-20000-0-11723,SRA,2010,02,07:00,MAX,7.8,,,
0-20000-0-11723,SRA,2010,02,07:00,SUM,21.0,,,
0-20000-0-11723,SRA,2010,03,07:00,MAX,3.0,*,,
0-20000-0-11723,SRA,2010,03,07:00,SUM,10.9,,,
0-20000-0-11723,SRA,2010,04,07:00,MAX,8.7,,,
0-20000-0-11723,SRA,2010,04,07:00,SUM,46.5,,,
0-20000-0-11723,SRA,2010,05,07:00,MAX,17.0,,,
0-20000-0-11723,SRA,2010,05,07:00,SUM,122.0,,,
0-20000-0-11723,SRA,2010,06,07:00,MAX,21.0,,,
0-20000-0-11723,SRA,2010,06,07:00,SUM,84.3,,,
0-20000-0-11723,SRA,2010,07,07:00,MAX,69.0,,,
0-20000-0-11723,SRA,2010,07,07:00,SUM,136.1,,,
0-20000-0-11723,SRA,2010,08,07:00,MAX,24.6,,,
0-20000-0-11723,SRA,2010,08,07:00,SUM,79.0,,,
0-20000-0-11723,SRA,2010,09,07:00,MAX,23.1,,,
0-20000-0-11723,SRA,2010,09,07:00,SUM,69.2,,,
0-20000-0-11723,SRA,2010,10,07:00,MAX,4.4,,,
0-20000-0-11723,SRA,2010,10,07:00,SUM,8.6,,,
0-20000-0-11723,SRA,2010,11,07:00,MAX,8.6,,,
0-20000-0-11723,SRA,2010,11,07:00,SUM,35.4,,,
0-20000-0-11723,SRA,2010,12,07:00,MAX,7.7,,,
0-20000-0-11723,SRA,2010,12,07:00,SUM,26.1,,,
0-20000-0-11723,SRA,2011,01,07:00,MAX,4.1,,,
0-20000-0-11723,SRA,2011,01,07:00,SUM,17.6,,,
0-20000-0-11723,SRA,2011,02,07:00,MAX,1.4,,,
0-20000-0-11723,SRA,2011,02,07:00,SUM,3.0,,,
0-20000-0-11723,SRA,2011,03,07:00,MAX,18.9,,,
0-20000-0-11723,SRA,2011,03,07:00,SUM,46.4,,,
0-20000-0-11723,SRA,2011,04,07:00,MAX,7.3,,,
0-20000-0-11723,SRA,2011,04,07:00,SUM,24.5,,,
0-20000-0-11723,SRA,2011,05,07:00,MAX,10.3,,,
0-20000-0-11723,SRA,2011,05,07:00,SUM,44.2,,,
0-20000-0-11723,SRA,2011,06,07:00,MAX,35.9,,,
0-20000-0-11723,SRA,2011,06,07:00,SUM,61.6,,,
0-20000-0-11723,SRA,2011,07,07:00,MAX,26.4,,,
0-20000-0-11723,SRA,2011,07,07:00,SUM,92.6,,,
0-20000-0-11723,SRA,2011,08,07:00,MAX,10.6,,,
0-20000-0-11723,SRA,2011,08,07:00,SUM,35.6,,,
0-20000-0-11723,SRA,2011,09,07:00,MAX,19.5,,,
0-20000-0-11723,SRA,2011,09,07:00,SUM,30.6,,,
0-20000-0-11723,SRA,2011,10,07:00,MAX,5.0,,,
0-20000-0-11723,SRA,2011,10,07:00,SUM,18.6,,,
0-20000-0-11723,SRA,2011,11,07:00,MAX,0.0,*,,
0-20000-0-11723,SRA,2011,11,07:00,SUM,0.0,,,
0-20000-0-11723,SRA,2011,12,07:00,MAX,4.6,,,
0-20000-0-11723,SRA,2011,12,07:00,SUM,18.0,,,
0-20000-0-11723,SRA,2012,01,07:00,MAX,7.3,,,
0-20000-0-11723,SRA,2012,01,07:00,SUM,29.0,,,
0-20000-0-11723,SRA,2012,02,07:00,MAX,3.3,,,
0-20000-0-11723,SRA,2012,02,07:00,SUM,12.7,,,
0-20000-0-11723,SRA,2012,03,07:00,MAX,1.8,,,
0-20000-0-11723,SRA,2012,03,07:00,SUM,2.4,,,
0-20000-0-11723,SRA,2012,04,07:00,MAX,4.5,,,
0-20000-0-11723,SRA,2012,04,07:00,SUM,17.3,,,
0-20000-0-11723,SRA,2012,05,07:00,MAX,6.5,,,
0-20000-0-11723,SRA,2012,05,07:00,SUM,28.1,,,
0-20000-0-11723,SRA,2012,06,07:00,MAX,18.5,,,
0-20000-0-11723,SRA,2012,06,07:00,SUM,84.9,,,
0-20000-0-11723,SRA,2012,07,07:00,MAX,6.7,,,
0-20000-0-11723,SRA,2012,07,07:00,SUM,51.9,,,
0-20000-0-11723,SRA,2012,08,07:00,MAX,21.3,,,
0-20000-0-11723,SRA,2012,08,07:00,SUM,57.9,,,
0-20000-0-11723,SRA,2012,09,07:00,MAX,19.0,,,
0-20000-0-11723,SRA,2012,09,07:00,SUM,29.7,,,
0-20000-0-11723,SRA,2012,10,07:00,MAX,15.9,,,
0-20000-0-11723,SRA,2012,10,07:00,SUM,48.5,,,
0-20000-0-11723,SRA,2012,11,07:00,MAX,5.8,,,
0-20000-0-11723,SRA,2012,11,07:00,SUM,16.8,,,
0-20000-0-11723,SRA,2012,12,07:00,MAX,14.9,,,
0-20000-0-11723,SRA,2012,12,07:00,SUM,47.2,,,
0-20000-0-11723,SRA,2013,01,07:00,MAX,4.4,*,,
0-20000-0-11723,SRA,2013,01,07:00,SUM,26.3,,,
0-20000-0-11723,SRA,2013,02,07:00,MAX,10.2,,,
0-20000-0-11723,SRA,2013,02,07:00,SUM,42.0,,,
0-20000-0-11723,SRA,2013,03,07:00,MAX,21.8,,,
0-20000-0-11723,SRA,2013,03,07:00,SUM,43.6,,,
0-20000-0-11723,SRA,2013,04,07:00,MAX,7.8,,,
0-20000-0-11723,SRA,2013,04,07:00,SUM,16.8,,,
0-20000-0-11723,SRA,2013,05,07:00,MAX,24.6,,,
0-20000-0-11723,SRA,2013,05,07:00,SUM,137.6,,,
0-20000-0-11723,SRA,2013,06,07:00,MAX,42.5,,,
0-20000-0-11723,SRA,2013,06,07:00,SUM,102.5,,,
0-20000-0-11723,SRA,2013,07,07:00,MAX,3.3,,,
0-20000-0-11723,SRA,2013,07,07:00,SUM,4.3,,,
0-20000-0-11723,SRA,2013,08,07:00,MAX,31.3,,,
0-20000-0-11723,SRA,2013,08,07:00,SUM,90.8,,,
0-20000-0-11723,SRA,2013,09,07:00,MAX,22.2,,,
0-20000-0-11723,SRA,2013,09,07:00,SUM,60.1,,,
0-20000-0-11723,SRA,2013,10,07:00,MAX,11.4,,,
0-20000-0-11723,SRA,2013,10,07:00,SUM,37.0,,,
0-20000-0-11723,SRA,2013,11,07:00,MAX,6.5,,,
0-20000-0-11723,SRA,2013,11,07:00,SUM,22.0,,,
0-20000-0-11723,SRA,2013,12,07:00,MAX,1.5,*,,
0-20000-0-11723,SRA,2013,12,07:00,SUM,6.1,,,
0-20000-0-11723,SRA,2014,01,07:00,MAX,8.9,,,
0-20000-0-11723,SRA,2014,01,07:00,SUM,19.7,,,
0-20000-0-11723,SRA,2014,02,07:00,MAX,4.7,,,
0-20000-0-11723,SRA,2014,02,07:00,SUM,11.8,,,
0-20000-0-11723,SRA,2014,03,07:00,MAX,3.7,,,
0-20000-0-11723,SRA,2014,03,07:00,SUM,9.2,,,
0-20000-0-11723,SRA,2014,04,07:00,MAX,6.5,,,
0-20000-0-11723,SRA,2014,04,07:00,SUM,23.1,,,
0-20000-0-11723,SRA,2014,05,07:00,MAX,14.0,,,
0-20000-0-11723,SRA,2014,05,07:00,SUM,76.6,,,
0-20000-0-11723,SRA,2014,06,07:00,MAX,11.7,,,
0-20000-0-11723,SRA,2014,06,07:00,SUM,30.5,,,
0-20000-0-11723,SRA,2014,07,07:00,MAX,35.4,,,
0-20000-0-11723,SRA,2014,07,07:00,SUM,97.0,,,
0-20000-0-11723,SRA,2014,08,07:00,MAX,37.4,,,
0-20000-0-11723,SRA,2014,08,07:00,SUM,120.8,,,
0-20000-0-11723,SRA,2014,09,07:00,MAX,47.7,,,
0-20000-0-11723,SRA,2014,09,07:00,SUM,121.2,,,
0-20000-0-11723,SRA,2014,10,07:00,MAX,15.4,,,
0-20000-0-11723,SRA,2014,10,07:00,SUM,33.5,,,
0-20000-0-11723,SRA,2014,11,07:00,MAX,15.7,,,
0-20000-0-11723,SRA,2014,11,07:00,SUM,35.0,,,
0-20000-0-11723,SRA,2014,12,07:00,MAX,20.9,,,
0-20000-0-11723,SRA,2014,12,07:00,SUM,30.5,,,
0-20000-0-11723,SRA,2015,01,07:00,MAX,4.5,,,
0-20000-0-11723,SRA,2015,01,07:00,SUM,26.7,,,
0-20000-0-11723,SRA,2015,02,07:00,MAX,1.8,,,
0-20000-0-11723,SRA,2015,02,07:00,SUM,8.6,,,
0-20000-0-11723,SRA,2015,03,07:00,MAX,11.1,,,
0-20000-0-11723,SRA,2015,03,07:00,SUM,36.2,,,
0-20000-0-11723,SRA,2015,04,07:00,MAX,3.2,,,
0-20000-0-11723,SRA,2015,04,07:00,SUM,10.7,,,
0-20000-0-11723,SRA,2015,05,07:00,MAX,16.9,,,
0-20000-0-11723,SRA,2015,05,07:00,SUM,48.4,,,
0-20000-0-11723,SRA,2015,06,07:00,MAX,15.6,,,
0-20000-0-11723,SRA,2015,06,07:00,SUM,42.0,,,
0-20000-0-11723,SRA,2015,07,07:00,MAX,12.8,,,
0-20000-0-11723,SRA,2015,07,07:00,SUM,39.5,,,
0-20000-0-11723,SRA,2015,08,07:00,MAX,34.2,,,
0-20000-0-11723,SRA,2015,08,07:00,SUM,88.0,,,
0-20000-0-11723,SRA,2015,09,07:00,MAX,10.9,,,
0-20000-0-11723,SRA,2015,09,07:00,SUM,15.5,,,
0-20000-0-11723,SRA,2015,10,07:00,MAX,16.8,,,
0-20000-0-11723,SRA,2015,10,07:00,SUM,50.6,,,
0-20000-0-11723,SRA,2015,11,07:00,MAX,10.4,,,
0-20000-0-11723,SRA,2015,11,07:00,SUM,23.3,,,
0-20000-0-11723,SRA,2015,12,07:00,MAX,4.8,,,
0-20000-0-11723,SRA,2015,12,07:00,SUM,17.6,,,
0-20000-0-11723,SRA,2016,01,07:00,MAX,3.6,,,
0-20000-0-11723,SRA,2016,01,07:00,SUM,23.0,,,
0-20000-0-11723,SRA,2016,02,07:00,MAX,24.4,,,
0-20000-0-11723,SRA,2016,02,07:00,SUM,70.9,,,
0-20000-0-11723,SRA,2016,03,07:00,MAX,11.8,,,
0-20000-0-11723,SRA,2016,03,07:00,SUM,28.9,,,
0-20000-0-11723,SRA,2016,04,07:00,MAX,13.1,,,
0-20000-0-11723,SRA,2016,04,07:00,SUM,37.5,,,
0-20000-0-11723,SRA,2016,05,07:00,MAX,10.0,,,
0-20000-0-11723,SRA,2016,05,07:00,SUM,44.4,,,
0-20000-0-11723,SRA,2016,06,07:00,MAX,41.4,,,
0-20000-0-11723,SRA,2016,06,07:00,SUM,74.5,,,
0-20000-0-11723,SRA,2016,07,07:00,MAX,23.7,,,
0-20000-0-11723,SRA,2016,07,07:00,SUM,101.8,,,
0-20000-0-11723,SRA,2016,08,07:00,MAX,29.2,,,
0-20000-0-11723,SRA,2016,08,07:00,SUM,61.1,,,
0-20000-0-11723,SRA,2016,09,07:00,MAX,8.5,,,
0-20000-0-11723,SRA,2016,09,07:00,SUM,11.0,,,
0-20000-0-11723,SRA,2016,10,07:00,MAX,6.7,,,
0-20000-0-11723,SRA,2016,10,07:00,SUM,28.9,,,
0-20000-0-11723,SRA,2016,11,07:00,MAX,8.6,,,
0-20000-0-11723,SRA,2016,11,07:00,SUM,29.7,,,
0-20000-0-11723,SRA,2016,12,07:00,MAX,5.9,,,
0-20000-0-11723,SRA,2016,12,07:00,SUM,12.4,,,
0-20000-0-11723,SRA,2017,01,07:00,MAX,16.2,,,
0-20000-0-11723,SRA,2017,01,07:00,SUM,25.8,,,
0-20000-0-11723,SRA,2017,02,07:00,MAX,3.5,,,
0-20000-0-11723,SRA,2017,02,07:00,SUM,12.8,,,
0-20000-0-11723,SRA,2017,03,07:00,MAX,4.1,*,,
0-20000-0-11723,SRA,2017,03,07:00,SUM,24.1,,,
0-20000-0-11723,SRA,2017,04,07:00,MAX,14.1,,,
0-20000-0-11723,SRA,2017,04,07:00,SUM,45.5,,,
0-20000-0-11723,SRA,2017,05,07:00,MAX,13.6,,,
0-20000-0-11723,SRA,2017,05,07:00,SUM,44.5,,,
0-20000-0-11723,SRA,2017,06,07:00,MAX,13.0,,,
0-20000-0-11723,SRA,2017,06,07:00,SUM,35.0,,,
0-20000-0-11723,SRA,2017,07,07:00,MAX,22.0,,,
0-20000-0-11723,SRA,2017,07,07:00,SUM,80.6,,,
0-20000-0-11723,SRA,2017,08,07:00,MAX,12.7,,,
0-20000-0-11723,SRA,2017,08,07:00,SUM,27.9,,,
0-20000-0-11723,SRA,2017,09,07:00,MAX,12.7,,,
0-20000-0-11723,SRA,2017,09,07:00,SUM,60.1,,,
0-20000-0-11723,SRA,2017,10,07:00,MAX,13.7,,,
0-20000-0-11723,SRA,2017,10,07:00,SUM,47.1,,,
0-20000-0-11723,SRA,2017,11,07:00,MAX,8.8,,,
0-20000-0-11723,SRA,2017,11,07:00,SUM,33.2,,,
0-20000-0-11723,SRA,2017,12,07:00,MAX,5.1,,,
0-20000-0-11723,SRA,2017,12,07:00,SUM,15.2,,,
0-20000-0-11723,SRA,2018,01,07:00,MAX,20.8,,,
0-20000-0-11723,SRA,2018,01,07:00,SUM,44.2,,,
0-20000-0-11723,SRA,2018,02,07:00,MAX,5.5,,,
0-20000-0-11723,SRA,2018,02,07:00,SUM,14.6,,,
0-20000-0-11723,SRA,2018,03,07:00,MAX,9.3,,,
0-20000-0-11723,SRA,2018,03,07:00,SUM,22.1,,,
0-20000-0-11723,SRA,2018,04,07:00,MAX,9.4,,,
0-20000-0-11723,SRA,2018,04,07:00,SUM,12.3,,,
0-20000-0-11723,SRA,2018,05,07:00,MAX,13.3,,,
0-20000-0-11723,SRA,2018,05,07:00,SUM,48.2,,,
0-20000-0-11723,SRA,2018,06,07:00,MAX,10.7,,,
0-20000-0-11723,SRA,2018,06,07:00,SUM,31.4,,,
0-20000-0-11723,SRA,2018,07,07:00,MAX,33.1,,,
0-20000-0-11723,SRA,2018,07,07:00,SUM,61.8,,,
0-20000-0-11723,SRA,2018,08,07:00,MAX,12.6,,,
0-20000-0-11723,SRA,2018,08,07:00,SUM,31.7,,,
0-20000-0-11723,SRA,2018,09,07:00,MAX,29.0,,,
0-20000-0-11723,SRA,2018,09,07:00,SUM,86.2,,,
0-20000-0-11723,SRA,2018,10,07:00,MAX,9.9,,,
0-20000-0-11723,SRA,2018,10,07:00,SUM,16.4,,,
0-20000-0-11723,SRA,2018,11,07:00,MAX,7.3,,,
0-20000-0-11723,SRA,2018,11,07:00,SUM,16.3,,,
0-20000-0-11723,SRA,2018,12,07:00,MAX,7.9,,,
0-20000-0-11723,SRA,2018,12,07:00,SUM,29.2,,,
0-20000-0-11723,SRA,2019,01,07:00,MAX,6.8,,,
0-20000-0-11723,SRA,2019,01,07:00,SUM,29.6,,,
0-20000-0-11723,SRA,2019,02,07:00,MAX,8.2,,,
0-20000-0-11723,SRA,2019,02,07:00,SUM,19.5,,,
0-20000-0-11723,SRA,2019,03,07:00,MAX,9.6,,,
0-20000-0-11723,SRA,2019,03,07:00,SUM,22.1,,,
0-20000-0-11723,SRA,2019,04,07:00,MAX,6.0,,,
0-20000-0-11723,SRA,2019,04,07:00,SUM,19.1,,,
0-20000-0-11723,SRA,2019,05,07:00,MAX,18.6,,,
0-20000-0-11723,SRA,2019,05,07:00,SUM,74.6,,,
0-20000-0-11723,SRA,2019,06,07:00,MAX,33.6,,,
0-20000-0-11723,SRA,2019,06,07:00,SUM,78.0,,,
0-20000-0-11723,SRA,2019,07,07:00,MAX,18.9,,,
0-20000-0-11723,SRA,2019,07,07:00,SUM,60.7,,,
0-20000-0-11723,SRA,2019,08,07:00,MAX,19.6,,,
0-20000-0-11723,SRA,2019,08,07:00,SUM,77.3,,,
0-20000-0-11723,SRA,2019,09,07:00,MAX,43.3,,,
0-20000-0-11723,SRA,2019,09,07:00,SUM,82.8,,,
0-20000-0-11723,SRA,2019,10,07:00,MAX,12.3,,,
0-20000-0-11723,SRA,2019,10,07:00,SUM,28.7,,,
0-20000-0-11723,SRA,2019,11,07:00,MAX,10.9,,,
0-20000-0-11723,SRA,2019,11,07:00,SUM,40.1,,,
0-20000-0-11723,SRA,2019,12,07:00,MAX,27.9,,,
0-20000-0-11723,SRA,2019,12,07:00,SUM,44.4,,,
0-20000-0-11723,SRA,2020,01,07:00,MAX,3.4,,,
0-20000-0-11723,SRA,2020,01,07:00,SUM,9.7,,,
0-20000-0-11723,SRA,2020,02,07:00,MAX,8.4,,,
0-20000-0-11723,SRA,2020,02,07:00,SUM,29.6,,,
0-20000-0-11723,SRA,2020,03,07:00,MAX,14.3,,,
0-20000-0-11723,SRA,2020,03,07:00,SUM,24.5,,,
0-20000-0-11723,SRA,2020,04,07:00,MAX,6.1,,,
0-20000-0-11723,SRA,2020,04,07:00,SUM,13.5,,,
0-20000-0-11723,SRA,2020,05,07:00,MAX,23.0,,,
0-20000-0-11723,SRA,2020,05,07:00,SUM,66.5,,,
0-20000-0-11723,SRA,2020,06,07:00,MAX,16.7,,,
0-20000-0-11723,SRA,2020,06,07:00,SUM,112.3,,,
0-20000-0-11723,SRA,2020,07,07:00,MAX,14.1,,,
0-20000-0-11723,SRA,2020,07,07:00,SUM,55.3,,,
0-20000-0-11723,SRA,2020,08,07:00,MAX,24.5,,,
0-20000-0-11723,SRA,2020,08,07:00,SUM,103.6,,,
0-20000-0-11723,SRA,2020,09,07:00,MAX,21.3,,,
0-20000-0-11723,SRA,2020,09,07:00,SUM,75.2,,,
0-20000-0-11723,SRA,2020,10,07:00,MAX,33.0,,,
0-20000-0-11723,SRA,2020,10,07:00,SUM,86.7,,,
0-20000-0-11723,SRA,2020,11,07:00,MAX,9.8,,,
0-20000-0-11723,SRA,2020,11,07:00,SUM,26.7,,,
0-20000-0-11723,SRA,2020,12,07:00,MAX,10.7,,,
0-20000-0-11723,SRA,2020,12,07:00,SUM,38.6,,,
0-20000-0-11723,SRA,2021,01,07:00,MAX,9.2,,,
0-20000-0-11723,SRA,2021,01,07:00,SUM,29.2,,,
0-20000-0-11723,SRA,2021,02,07:00,MAX,10.3,,,
0-20000-0-11723,SRA,2021,02,07:00,SUM,27.6,,,
0-20000-0-11723,SRA,2021,03,07:00,MAX,4.8,,,
0-20000-0-11723,SRA,2021,03,07:00,SUM,17.8,,,
0-20000-0-11723,SRA,2021,04,07:00,MAX,7.8,,,
0-20000-0-11723,SRA,2021,04,07:00,SUM,18.7,,,
0-20000-0-11723,SRA,2021,05,07:00,MAX,33.1,,,
0-20000-0-11723,SRA,2021,05,07:00,SUM,77.5,,,
0-20000-0-11723,SRA,2021,06,07:00,MAX,33.6,,,
0-20000-0-11723,SRA,2021,06,07:00,SUM,84.2,,,
0-20000-0-11723,SRA,2021,07,07:00,MAX,13.7,,,
0-20000-0-11723,SRA,2021,07,07:00,SUM,52.4,,,
0-20000-0-11723,SRA,2021,08,07:00,MAX,34.0,,,
0-20000-0-11723,SRA,2021,08,07:00,SUM,141.8,,,
0-20000-0-11723,SRA,2021,09,07:00,MAX,9.6,,,
0-20000-0-11723,SRA,2021,09,07:00,SUM,19.8,,,
0-20000-0-11723,SRA,2021,10,07:00,MAX,14.4,,,
0-20000-0-11723,SRA,2021,10,07:00,SUM,19.3,,,
0-20000-0-11723,SRA,2021,11,07:00,MAX,16.5,,,
0-20000-0-11723,SRA,2021,11,07:00,SUM,49.0,,,
0-20000-0-11723,SRA,2021,12,07:00,MAX,17.4,,,
0-20000-0-11723,SRA,2021,12,07:00,SUM,43.2,,,
0-20000-0-11723,SRA,2022,01,07:00,MAX,6.1,,,
0-20000-0-11723,SRA,2022,01,07:00,SUM,14.6,,,
0-20000-0-11723,SRA,2022,02,07:00,MAX,2.9,,,
0-20000-0-11723,SRA,2022,02,07:00,SUM,9.8,,,
0-20000-0-11723,SRA,2022,03,07:00,MAX,6.4,,,
0-20000-0-11723,SRA,2022,03,07:00,SUM,11.7,,,
0-20000-0-11723,SRA,2022,04,07:00,MAX,5.9,,,
0-20000-0-11723,SRA,2022,04,07:00,SUM,14.3,,,
0-20000-0-11723,SRA,2022,05,07:00,MAX,29.1,,,
0-20000-0-11723,SRA,2022,05,07:00,SUM,69.5,,,
0-20000-0-11723,SRA,2022,06,07:00,MAX,13.4,,,
0-20000-0-11723,SRA,2022,06,07:00,SUM,41.8,,,
0-20000-0-11723,SRA,2022,07,07:00,MAX,22.9,,,
0-20000-0-11723,SRA,2022,07,07:00,SUM,75.8,,,
0-20000-0-11723,SRA,2022,08,07:00,MAX,34.2,,,
0-20000-0-11723,SRA,2022,08,07:00,SUM,107.7,,,
0-20000-0-11723,SRA,2022,09,07:00,MAX,6.7,,,
0-20000-0-11723,SRA,2022,09,07:00,SUM,45.5,,,
0-20000-0-11723,SRA,2022,10,07:00,MAX,5.6,,,
0-20000-0-11723,SRA,2022,10,07:00,SUM,11.9,,,
0-20000-0-11723,SRA,2022,11,07:00,MAX,3.7,,,
0-20000-0-11723,SRA,2022,11,07:00,SUM,10.5,,,
0-20000-0-11723,SRA,2022,12,07:00,MAX,12.8,,,
0-20000-0-11723,SRA,2022,12,07:00,SUM,42.8,,,
0-20000-0-11723,SRA,2023,01,07:00,MAX,7.6,,,
0-20000-0-11723,SRA,2023,01,07:00,SUM,27.8,,,
0-20000-0-11723,SRA,2023,02,07:00,MAX,5.1,,,
0-20000-0-11723,SRA,2023,02,07:00,SUM,16.4,,,
0-20000-0-11723,SRA,2023,03,07:00,MAX,6.6,,,
0-20000-0-11723,SRA,2023,03,07:00,SUM,13.0,,,
0-20000-0-11723,SRA,2023,04,07:00,MAX,29.0,,,
0-20000-0-11723,SRA,2023,04,07:00,SUM,85.3,,,
0-20000-0-11723,SRA,2023,05,07:00,MAX,13.7,,,
0-20000-0-11723,SRA,2023,05,07:00,SUM,53.3,,,
0-20000-0-11723,SRA,2023,06,07:00,MAX,7.0,,,
0-20000-0-11723,SRA,2023,06,07:00,SUM,24.3,,,
0-20000-0-11723,SRA,2023,07,07:00,MAX,24.9,,,
0-20000-0-11723,SRA,2023,07,07:00,SUM,56.1,,,
0-20000-0-11723,SRA,2023,08,07:00,MAX,36.0,,,
0-20000-0-11723,SRA,2023,08,07:00,SUM,137.7,,,
0-20000-0-11723,SRA,2023,09,07:00,MAX,3.4,,,
0-20000-0-11723,SRA,2023,09,07:00,SUM,6.8,,,
0-20000-0-11723,SRA,2023,10,07:00,MAX,17.1,,,
0-20000-0-11723,SRA,2023,10,07:00,SUM,32.6,,,
0-20000-0-11723,SRA,2023,11,07:00,MAX,18.1,,,
0-20000-0-11723,SRA,2023,11,07:00,SUM,50.6,,,
0-20000-0-11723,SRA,2023,12,07:00,MAX,16.5,,,
0-20000-0-11723,SRA,2023,12,07:00,SUM,60.8,,,
0-20000-0-11723,SRA,2024,01,07:00,MAX,11.1,,,
0-20000-0-11723,SRA,2024,01,07:00,SUM,36.5,,,
0-20000-0-11723,SRA,2024,02,07:00,MAX,7.2,,,
0-20000-0-11723,SRA,2024,02,07:00,SUM,24.4,,,
0-20000-0-11723,SRA,2024,03,07:00,MAX,20.5,,,
0-20000-0-11723,SRA,2024,03,07:00,SUM,34.7,,,
0-20000-0-11723,SRA,2024,04,07:00,MAX,8.3,,,
0-20000-0-11723,SRA,2024,04,07:00,SUM,20.9,,,
0-20000-0-11723,SRA,2024,05,07:00,MAX,25.7,,,
0-20000-0-11723,SRA,2024,05,07:00,SUM,88.4,,,
0-20000-0-11723,SRA,2024,06,07:00,MAX,26.1,,,
0-20000-0-11723,SRA,2024,06,07:00,SUM,111.9,,,
0-20000-0-11723,SRA,2024,07,07:00,MAX,20.6,,,
0-20000-0-11723,SRA,2024,07,07:00,SUM,37.7,,,
0-20000-0-11723,SRA,2024,08,07:00,MAX,11.2,,,
0-20000-0-11723,SRA,2024,08,07:00,SUM,39.4,,,
0-20000-0-11723,SRA,2024,09,07:00,MAX,64.2,,,
0-20000-0-11723,SRA,2024,09,07:00,SUM,159.7,,,
0-20000-0-11723,SRA,2024,10,07:00,MAX,9.8,,,
0-20000-0-11723,SRA,2024,10,07:00,SUM,26.6,,,
0-20000-0-11723,SRA,2024,11,07:00,MAX,3.7,,,
0-20000-0-11723,SRA,2024,11,07:00,SUM,13.1,,,
0-20000-0-11723,SRA,2024,12,07:00,MAX,11.2,,,
0-20000-0-11723,SRA,2024,12,07:00,SUM,25.4,,,
